"Buurten";"Nederlands|1995";"Nederlands|1996";"Nederlands|1997";"Nederlands|1998";"Nederlands|1999";"Nederlands|2000";"Nederlands|2001";"Nederlands|2002";"Nederlands|2003";"Nederlands|2004";"Nederlands|2005";"Nederlands|2006";"Nederlands|2007";"Nederlands|2008";"Nederlands|2009";"Nederlands|2010";"Nederlands|2011";"Nederlands|2012";"Nederlands|2013";"Nederlands|2014";"Nederlands|2015";"Nederlands|2016";"Turks|1995";"Turks|1996";"Turks|1997";"Turks|1998";"Turks|1999";"Turks|2000";"Turks|2001";"Turks|2002";"Turks|2003";"Turks|2004";"Turks|2005";"Turks|2006";"Turks|2007";"Turks|2008";"Turks|2009";"Turks|2010";"Turks|2011";"Turks|2012";"Turks|2013";"Turks|2014";"Turks|2015";"Turks|2016";"Marokkaans|1995";"Marokkaans|1996";"Marokkaans|1997";"Marokkaans|1998";"Marokkaans|1999";"Marokkaans|2000";"Marokkaans|2001";"Marokkaans|2002";"Marokkaans|2003";"Marokkaans|2004";"Marokkaans|2005";"Marokkaans|2006";"Marokkaans|2007";"Marokkaans|2008";"Marokkaans|2009";"Marokkaans|2010";"Marokkaans|2011";"Marokkaans|2012";"Marokkaans|2013";"Marokkaans|2014";"Marokkaans|2015";"Marokkaans|2016";"Surinaams|1995";"Surinaams|1996";"Surinaams|1997";"Surinaams|1998";"Surinaams|1999";"Surinaams|2000";"Surinaams|2001";"Surinaams|2002";"Surinaams|2003";"Surinaams|2004";"Surinaams|2005";"Surinaams|2006";"Surinaams|2007";"Surinaams|2008";"Surinaams|2009";"Surinaams|2010";"Surinaams|2011";"Surinaams|2012";"Surinaams|2013";"Surinaams|2014";"Surinaams|2015";"Surinaams|2016";"Antilliaans & Arubaans|1995";"Antilliaans & Arubaans|1996";"Antilliaans & Arubaans|1997";"Antilliaans & Arubaans|1998";"Antilliaans & Arubaans|1999";"Antilliaans & Arubaans|2000";"Antilliaans & Arubaans|2001";"Antilliaans & Arubaans|2002";"Antilliaans & Arubaans|2003";"Antilliaans & Arubaans|2004";"Antilliaans & Arubaans|2005";"Antilliaans & Arubaans|2006";"Antilliaans & Arubaans|2007";"Antilliaans & Arubaans|2008";"Antilliaans & Arubaans|2009";"Antilliaans & Arubaans|2010";"Antilliaans & Arubaans|2011";"Antilliaans & Arubaans|2012";"Antilliaans & Arubaans|2013";"Antilliaans & Arubaans|2014";"Antilliaans & Arubaans|2015";"Antilliaans & Arubaans|2016";"Zuideuropees|1995";"Zuideuropees|1996";"Zuideuropees|1997";"Zuideuropees|1998";"Zuideuropees|1999";"Zuideuropees|2000";"Zuideuropees|2001";"Zuideuropees|2002";"Zuideuropees|2003";"Zuideuropees|2004";"Zuideuropees|2005";"Zuideuropees|2006";"Zuideuropees|2007";"Zuideuropees|2008";"Zuideuropees|2009";"Zuideuropees|2010";"Zuideuropees|2011";"Zuideuropees|2012";"Zuideuropees|2013";"Zuideuropees|2014";"Zuideuropees|2015";"Zuideuropees|2016";"Overig geïndustrialiseerd|1995";"Overig geïndustrialiseerd|1996";"Overig geïndustrialiseerd|1997";"Overig geïndustrialiseerd|1998";"Overig geïndustrialiseerd|1999";"Overig geïndustrialiseerd|2000";"Overig geïndustrialiseerd|2001";"Overig geïndustrialiseerd|2002";"Overig geïndustrialiseerd|2003";"Overig geïndustrialiseerd|2004";"Overig geïndustrialiseerd|2005";"Overig geïndustrialiseerd|2006";"Overig geïndustrialiseerd|2007";"Overig geïndustrialiseerd|2008";"Overig geïndustrialiseerd|2009";"Overig geïndustrialiseerd|2010";"Overig geïndustrialiseerd|2011";"Overig geïndustrialiseerd|2012";"Overig geïndustrialiseerd|2013";"Overig geïndustrialiseerd|2014";"Overig geïndustrialiseerd|2015";"Overig geïndustrialiseerd|2016";"Overig niet-geïndustrialieerd|1995";"Overig niet-geïndustrialieerd|1996";"Overig niet-geïndustrialieerd|1997";"Overig niet-geïndustrialieerd|1998";"Overig niet-geïndustrialieerd|1999";"Overig niet-geïndustrialieerd|2000";"Overig niet-geïndustrialieerd|2001";"Overig niet-geïndustrialieerd|2002";"Overig niet-geïndustrialieerd|2003";"Overig niet-geïndustrialieerd|2004";"Overig niet-geïndustrialieerd|2005";"Overig niet-geïndustrialieerd|2006";"Overig niet-geïndustrialieerd|2007";"Overig niet-geïndustrialieerd|2008";"Overig niet-geïndustrialieerd|2009";"Overig niet-geïndustrialieerd|2010";"Overig niet-geïndustrialieerd|2011";"Overig niet-geïndustrialieerd|2012";"Overig niet-geïndustrialieerd|2013";"Overig niet-geïndustrialieerd|2014";"Overig niet-geïndustrialieerd|2015";"Overig niet-geïndustrialieerd|2016"
"01 Oud Scheveningen";2793;2747;2716;2710;2682;2609;2509;2430;2359;2347;2329;2358;2393;2339;2304;2264;2241;2257;2241;2255;2245;2230;20;18;22;18;19;18;15;22;22;25;24;12;12;12;13;12;16;22;24;25;26;24;22;38;19;26;22;10;12;10;14;12;11;10;13;9;14;19;19;22;18;16;14;14;36;63;53;44;48;46;49;44;48;50;45;39;42;39;39;43;42;44;45;47;45;52;13;21;16;19;13;18;17;16;19;13;16;11;9;10;18;20;23;23;26;29;30;32;33;31;22;23;20;19;17;17;17;18;17;24;23;24;28;32;31;32;30;20;26;37;205;226;232;233;223;219;221;213;205;205;196;214;231;213;204;219;227;235;233;244;263;255;108;121;96;110;129;119;116;127;147;150;163;165;176;187;230;247;236;216;228;244;234;226
"02 Vissershaven";2401;2378;2486;2492;2440;2413;2380;2312;2392;2402;2505;2483;2449;2439;2337;2336;2303;2302;2273;2245;2314;2349;7;6;11;13;10;14;15;15;13;17;20;19;23;21;16;17;15;8;10;13;13;9;32;41;38;48;36;34;28;28;30;29;33;33;27;29;21;26;27;30;38;35;30;28;13;13;23;33;32;36;36;43;44;52;62;57;52;49;59;57;58;65;69;71;78;78;24;15;12;12;23;23;24;20;29;35;40;41;44;38;47;34;41;32;34;47;40;40;20;20;13;14;20;24;25;27;27;34;37;37;42;43;37;36;33;30;32;35;35;69;142;142;157;158;147;155;152;150;168;176;190;199;195;206;204;215;216;243;242;252;273;292;45;67;98;106;118;116;123;110;114;111;140;139;163;167;215;239;256;244;278;305;336;349
"03 Scheveningen Badplaats";4226;4223;4193;4116;4095;3939;3848;3750;3693;3671;3669;3627;3584;3579;3546;3512;3469;3441;3548;3628;3608;3595;14;13;12;17;19;17;19;19;22;22;18;20;21;19;14;19;16;22;30;27;28;31;27;16;22;20;17;17;23;25;26;23;26;29;26;29;30;29;32;33;36;33;36;39;64;66;60;65;61;55;69;68;71;80;78;85;91;88;82;94;93;95;86;84;86;91;50;48;40;43;38;37;41;39;48;42;45;46;53;54;57;56;67;63;59;59;53;53;90;89;86;97;95;100;107;97;109;114;117;114;112;106;103;115;127;94;103;116;135;165;786;789;765;768;748;731;734;731;720;721;695;735;726;710;673;720;707;777;784;783;796;806;363;348;347;341;377;367;379;409;453;479;483;521;574;564;656;583;614;637;644;664;655;662
"04 Visserijbuurt";3296;3281;3312;3236;3219;3155;3034;2970;2895;2874;2856;2788;2769;2730;2684;2649;2630;2568;2541;2555;2557;2494;11;7;8;10;9;12;15;15;20;24;16;14;15;15;17;16;10;6;5;12;13;5;23;22;27;27;23;19;17;17;24;31;28;28;30;31;28;24;27;29;40;41;32;37;72;76;77;93;96;101;100;87;82;80;72;66;74;68;69;69;68;65;59;71;72;83;22;18;18;20;24;18;32;29;25;24;22;25;27;21;18;28;30;33;33;31;44;42;35;48;50;64;52;49;52;44;54;63;69;64;58;56;58;65;66;72;73;78;90;110;452;462;474;479;460;461;487;496;496;503;491;493;482;479;479;491;496;543;510;500;491;527;178;175;180;181;185;177;175;172;198;248;246;260;260;317;367;380;376;376;401;407;437;463
"05 v Stolkpark/Schev Bosjes";516;516;526;511;500;509;483;481;452;432;418;446;428;453;474;480;488;494;475;477;462;450;"x";"x";"x";5;"x";"x";"x";"x";"x";"x";"x";"x";"-";"x";"x";"x";"x";"x";"x";"x";"x";"x";"x";"x";"x";"x";"x";"x";"x";"x";"x";"x";"x";"x";"x";"x";"x";"x";5;"x";5;"x";"x";"x";9;11;10;6;6;7;10;9;6;5;"x";"x";"x";"x";"x";7;10;7;7;7;8;8;12;11;13;12;11;12;11;9;9;8;8;11;10;5;"x";"x";5;"x";"x";7;11;8;6;5;6;8;7;7;7;5;5;6;6;"x";5;6;5;"x";7;5;6;7;17;19;158;157;147;150;155;165;169;166;168;178;180;186;181;164;161;165;169;179;184;182;194;194;46;47;46;42;39;48;52;54;59;62;61;65;76;81;97;87;84;72;68;70;84;92
"06 Waldeck-Zuid";1676;1657;1667;1641;1618;1609;1596;1589;1520;1508;1463;1437;1425;1530;1505;1483;1458;1432;1411;1381;1332;1330;15;14;10;22;34;34;36;34;36;43;51;55;48;52;46;41;41;46;45;43;47;54;"x";5;14;14;12;20;26;26;38;33;34;33;30;31;34;40;41;45;46;51;55;48;78;92;94;87;75;71;61;65;59;62;60;58;56;57;62;54;73;69;68;73;67;68;9;8;10;7;"x";9;10;8;16;19;18;17;17;18;18;17;16;16;28;28;27;34;18;18;16;20;15;20;18;17;21;25;28;27;26;24;27;32;29;24;23;31;31;41;253;248;242;228;223;229;225;217;211;207;206;201;204;207;205;199;194;207;201;193;188;184;98;108;105;106;122;127;148;149;158;168;191;192;172;179;193;199;224;207;215;227;237;255
"07 Statenkwartier";6452;6426;6418;6296;6231;6205;6047;5968;5839;5768;5758;5603;5515;5380;5266;5253;5262;5161;5207;5153;5114;5090;25;24;26;28;26;23;24;27;24;32;28;24;26;30;38;44;55;36;33;36;43;37;23;23;24;27;15;13;18;22;17;15;19;29;23;16;22;24;29;32;36;33;34;34;137;155;137;129;137;147;159;157;143;135;134;123;125;118;121;119;119;141;141;139;149;155;86;100;96;94;89;85;89;97;84;89;87;84;81;66;76;71;73;70;77;67;69;89;120;131;125;121;120;124;121;158;156;160;162;173;170;174;199;231;226;187;211;243;283;388;2175;2220;2237;2174;2118;2094;2097;2140;2127;2088;2137;2138;2150;2070;1969;2092;2112;2239;2263;2340;2417;2391;634;651;626;640;631;656;654;650;673;707;736;790;836;837;992;936;1003;997;1021;1052;1141;1127
"08 Geuzenkwartier";4093;4355;4290;4223;4185;4128;4014;3932;3828;3858;3777;3723;3637;3598;3529;3510;3411;3426;3322;3302;3270;3264;12;12;12;13;12;14;15;13;21;23;24;24;26;19;21;26;22;31;21;14;20;28;34;26;24;22;20;20;18;18;15;22;21;21;22;23;20;19;21;24;32;41;45;48;94;75;76;78;76;78;82;83;84;81;75;71;60;56;58;58;56;62;60;65;68;78;13;14;16;22;28;24;25;17;20;28;33;35;32;35;39;39;39;38;38;41;39;42;28;29;27;28;29;31;33;35;42;45;47;50;55;65;50;52;52;42;48;57;56;81;381;365;357;377;374;371;381;403;405;407;428;442;438;447;428;450;460;497;489;485;504;537;172;180;186;188;172;176;181;168;180;182;197;236;254;284;316;302;313;312;335;373;392;392
"09 Vogelwijk";3381;3479;3473;3484;3434;3465;3452;3450;3542;3494;3502;3567;3546;3498;3471;3488;3483;3538;3600;3583;3608;3650;14;16;14;13;12;13;12;11;12;12;11;11;14;8;7;11;11;13;22;22;20;16;"x";"x";5;6;5;5;"x";"x";5;"x";"x";5;"x";"x";"x";"x";"x";"x";"x";"x";"x";6;73;66;65;62;62;62;64;62;66;66;63;64;62;59;64;62;65;59;64;63;61;60;40;43;48;50;43;46;48;60;55;62;51;49;44;41;41;43;40;38;35;33;36;34;31;27;24;33;35;32;32;40;44;52;56;53;41;36;42;37;46;46;56;66;80;94;966;961;924;901;890;878;888;891;874;880;859;864;853;871;835;843;857;917;943;957;972;973;305;266;257;255;266;280;298;301;314;316;317;320;304;305;341;314;326;290;299;305;318;323
"10 Rond de Energiecentrale";2177;2146;2084;2106;2104;2111;2136;2146;2059;2080;2085;2333;2321;2286;2305;2375;2380;2376;2425;2557;2387;2375;329;309;307;315;311;312;343;346;332;303;294;315;307;281;272;309;317;332;331;337;308;294;246;269;276;279;250;233;249;283;289;284;297;357;370;334;348;403;414;413;401;400;301;309;1235;1190;1062;1070;1041;1051;1078;1034;954;917;895;1062;1033;1025;984;987;994;957;956;971;843;847;114;119;100;107;136;118;142;159;155;152;154;222;207;193;210;234;251;267;263;276;210;212;69;68;80;91;77;82;79;81;89;77;85;86;79;89;81;110;112;96;105;115;112;171;298;313;314;315;309;297;311;343;351;333;333;368;384;379;378;380;392;490;458;485;467;461;496;502;477;532;526;549;574;580;621;596;633;750;709;799;965;965;1009;1063;1086;1104;1060;1066
"11 Kortenbos";4265;4250;4284;4237;4304;4314;4193;4140;4007;3962;3894;3880;3792;3724;3558;3527;3466;3483;3442;3440;3369;3339;81;99;105;119;118;135;145;183;228;231;227;222;230;237;244;260;270;272;287;266;274;281;241;254;247;276;262;299;338;338;344;389;394;389;414;416;400;399;423;402;425;431;425;460;556;552;543;543;515;507;490;475;453;438;443;417;426;430;425;418;406;402;407;439;401;376;177;162;155;155;153;158;177;182;168;170;167;173;154;168;186;185;191;210;199;175;153;190;142;154;149;154;155;155;156;176;165;169;179;185;190;197;198;216;227;187;213;226;245;297;708;697;703;705;749;739;740;706;703;688;688;691;681;712;690;727;708;822;815;777;808;834;408;433;492;603;604;632;724;768;784;810;780;835;963;981;1159;1143;1199;1211;1231;1196;1290;1298
"12 Voorhout";1244;1261;1322;1330;1321;1268;1233;1200;1180;1118;1112;1082;1066;1026;1029;1034;1027;1059;1067;1074;1047;1013;20;19;14;13;13;10;11;11;11;13;11;15;14;15;12;14;13;14;14;14;14;19;15;18;10;7;6;7;13;11;13;14;10;13;11;9;11;12;13;14;20;26;20;19;28;29;26;22;30;29;31;34;32;27;25;24;27;29;27;30;32;31;32;34;39;43;35;35;38;34;27;31;29;32;35;32;25;22;20;19;17;21;29;33;40;31;32;35;62;63;69;59;64;64;54;63;60;64;69;73;72;70;62;70;65;59;60;84;97;136;447;474;500;500;492;491;480;480;468;465;463;505;509;490;457;470;416;430;435;449;457;485;144;148;161;173;161;157;161;179;192;229;229;244;262;253;325;256;261;275;334;377;394;443
"13 Uilebomen";1196;1566;1428;1367;1144;1065;1167;1250;1305;1307;1140;1225;1215;953;942;913;895;949;1026;984;978;1083;34;45;62;71;50;47;59;63;62;49;51;42;50;45;49;42;42;38;56;61;59;68;86;107;149;159;160;151;152;168;162;163;153;153;155;162;161;170;168;164;186;203;219;215;388;397;381;374;379;355;344;342;332;300;223;250;244;229;228;236;228;243;265;255;258;270;92;102;83;89;89;103;104;106;86;65;56;74;68;74;75;70;79;79;98;88;96;100;54;52;54;54;32;37;52;55;70;67;49;64;64;49;42;51;56;50;66;69;81;112;195;275;281;310;203;192;233;244;271;281;269;272;261;216;200;227;221;270;295;281;289;317;207;264;277;309;303;330;372;416;444;396;363;394;375;352;439;378;402;414;480;536;614;630
"14 Zuidwal";3236;3279;3210;3253;3332;3291;3270;3240;3149;3037;2984;2980;2973;2912;2849;2904;2900;2908;2884;2911;2896;2866;183;187;173;146;152;163;172;154;167;162;154;143;124;120;118;138;135;138;154;170;182;175;302;307;307;281;283;264;276;284;284;292;294;297;277;265;283;298;259;283;299;321;305;303;728;721;690;669;638;593;571;554;560;527;541;522;522;534;526;524;514;492;491;483;494;508;163;151;160;183;193;180;197;210;230;266;297;299;324;322;305;293;319;320;296;315;292;304;163;176;151;156;160;178;190;178;176;182;180;169;164;165;153;173;198;157;154;148;167;219;674;646;696;679;685;708;681;682;706;679;642;670;683;700;690;730;723;839;830;811;811;819;578;616;651;717;773;765;802;858;908;945;1006;1059;1101;1195;1362;1316;1337;1348;1421;1334;1382;1480
"15 Schildersbuurt-West";2784;2454;2220;2067;1910;1806;1729;1618;1519;1433;1405;1370;1302;1251;1241;1229;1158;1147;1152;1155;1093;1074;4065;3841;3652;3678;3598;3725;3919;4020;4125;4355;4447;4394;4376;4403;4407;4406;4297;4303;4253;4198;4124;4098;2332;2277;2368;2441;2508;2741;2779;2860;2890;3021;2971;3022;3042;2995;2986;2951;2940;3006;3024;2866;2831;2774;3202;2930;2989;3019;3198;3478;3669;3651;3530;3501;3362;3328;3240;3187;3091;2999;3008;2889;2812;2720;2625;2494;256;260;325;381;470;495;554;612;532;521;486;469;470;455;414;433;400;425;400;375;383;380;137;135;132;120;125;133;138;124;117;119;114;133;136;149;132;149;154;121;127;152;165;186;270;257;233;216;213;213;200;207;192;203;194;203;187;185;172;186;195;262;266;249;237;257;1399;1356;1489;1592;1636;1710;1839;1856;1880;1880;2000;2108;2177;2428;2792;2620;2740;2914;2916;2812;2833;2809
"16 Schildersbuurt-Noord";3194;3151;2916;2719;2446;2207;1999;1890;1758;1622;1594;1574;1514;1454;1384;1457;1278;1297;1193;1131;1130;1133;1898;2206;2306;2312;2350;2116;2144;2144;2252;2335;2381;2456;2526;2569;2623;2748;2653;2713;2645;2681;2718;2689;1559;1810;1892;1960;1945;1990;2005;1987;2018;2066;2119;2202;2263;2218;2218;2262;2223;2325;2249;2274;2284;2285;2914;3191;3073;2958;2842;2706;2618;2522;2359;2259;2153;2153;2063;2028;1970;1917;1765;1784;1695;1649;1602;1558;231;246;257;252;278;321;351;377;383;420;408;412;418;403;386;384;335;349;332;301;297;280;104;104;112;107;101;103;99;106;101;94;89;78;80;77;74;86;73;58;56;65;74;108;245;234;225;226;219;206;202;200;193;194;185;183;171;170;163;192;183;233;245;209;220;221;886;1051;1105;1205;1252;1270;1313;1338;1350;1419;1445;1440;1379;1423;1620;1637;1527;1614;1566;1594;1691;1687
"17 Schildersbuurt-Oost";1387;1241;1064;975;859;730;697;651;590;554;501;500;456;445;432;448;413;414;432;431;452;444;1700;1689;1772;1898;1882;1928;1978;2015;1958;1992;1974;2022;1992;1960;1898;1955;1951;1968;1948;1882;1864;1855;1344;1410;1452;1810;1887;1921;1994;2070;2091;2109;2171;2219;2241;2208;2227;2214;2167;2183;2130;2101;2133;2094;1633;1668;1651;1908;1794;1933;1937;1854;1743;1651;1541;1489;1439;1414;1413;1394;1394;1354;1342;1277;1240;1204;109;131;138;167;167;204;230;233;234;257;241;255;249;248;242;245;253;255;263;233;228;237;63;60;57;52;45;42;47;37;43;58;52;53;60;63;56;67;72;56;52;43;46;59;119;109;100;104;112;89;79;75;76;75;69;66;62;62;61;64;54;75;76;71;71;74;671;683;708;786;811;838;899;951;985;1004;1039;994;1003;1027;1165;1156;1209;1261;1321;1299;1298;1325
"18 Huygenspark";2022;1901;2054;2038;2051;2225;2163;2080;1988;1962;1860;1858;1811;1897;1901;1998;1969;1886;1859;1871;1979;1937;319;349;354;375;387;352;389;389;372;368;392;399;388;373;391;374;424;422;471;505;520;548;389;415;433;426;450;435;448;434;433;418;397;408;430;448;450;444;524;462;578;579;617;628;795;772;823;767;780;735;702;660;613;634;669;661;610;663;692;681;740;690;739;709;704;689;184;186;224;249;295;313;346;399;398;446;479;465;446;514;492;483;541;521;522;622;696;697;67;75;72;74;73;77;61;65;69;85;90;93;94;94;84;95;112;90;95;95;141;205;289;306;312;294;291;347;368;355;329;341;317;317;319;305;317;350;359;468;461;483;624;683;619;668;675;723;827;862;912;940;955;1004;1035;1078;1021;1088;1249;1218;1310;1264;1345;1575;1783;2057
"19 Laakhaven-Oost";1070;1518;1022;944;905;966;1013;980;925;1021;1062;1054;1012;955;935;922;932;947;972;949;889;808;117;188;136;156;185;178;188;193;191;194;205;213;233;232;224;225;251;259;266;279;282;277;167;301;243;290;293;320;324;340;360;401;400;390;412;424;423;423;462;476;462;473;463;477;809;1059;797;801;777;801;819;793;742;797;799;775;759;740;751;734;701;712;708;707;677;656;79;129;83;95;104;150;195;219;238;276;279;265;291;304;291;285;287;268;273;275;259;271;24;54;31;30;23;36;48;50;45;54;48;54;51;55;46;61;70;77;96;58;50;89;106;155;103;90;119;142;163;170;167;161;162;167;152;139;122;140;166;305;361;290;304;310;197;339;257;292;371;406;487;529;531;616;704;754;778;779;901;909;969;1036;1141;995;1088;1173
"20 Moerwijk-Oost";1930;1882;1824;1786;1686;1642;1584;1521;1471;1393;1300;1256;1180;1050;950;914;862;830;818;800;806;793;92;96;108;88;81;68;75;77;75;103;91;112;121;136;128;146;200;260;284;344;394;399;73;85;63;78;93;120;132;163;184;229;241;271;289;302;291;325;378;381;435;453;449;427;150;158;162;160;159;153;164;159;172;219;230;244;257;247;229;240;251;279;322;348;347;353;26;24;17;26;37;53;64;77;109;135;144;150;153;134;120;127;131;146;137;155;176;170;27;33;33;35;33;38;41;45;53;52;48;49;60;52;47;45;47;26;25;27;25;46;219;222;217;218;216;200;191;181;179;181;182;170;160;140;123;123;114;128;117;107;112;108;155;160;189;214;251;278;328;358;371;419;450;456;474;505;522;526;567;611;728;763;801;821
"21 Groente- en Fruitmarkt";946;985;1492;1557;1539;1440;1358;1301;1262;1189;1108;1072;1001;943;856;830;780;728;696;679;666;642;367;466;652;757;789;810;872;1029;1214;1321;1365;1433;1536;1619;1700;1764;1854;1918;1947;1993;2007;2049;102;101;158;157;172;178;192;224;265;273;323;364;371;390;401;427;437;445;418;428;435;425;307;430;862;975;985;1019;1021;999;1116;1141;1095;1129;1131;1101;1079;1053;1042;996;965;930;903;899;16;32;76;93;102;107;98;91;100;104;95;108;112;105;103;103;93;80;93;81;85;84;23;33;66;68;77;69;68;61;55;62;62;70;70;89;83;94;108;83;130;133;133;136;86;95;163;189;187;171;175;158;148;143;139;124;104;97;94;89;89;94;103;96;101;98;152;184;323;363;411;431;449;470;514;545;561;623;617;655;823;793;864;896;844;814;847;871
"22 Laakhaven-West";1895;1330;1772;1747;1682;1603;1531;1423;1353;1235;1237;1157;1064;1009;937;895;834;820;787;768;802;797;89;27;123;168;219;265;314;329;351;408;488;518;566;635;653;714;745;816;870;866;919;934;147;46;178;217;270;309;339;376;417;443;494;543;583;606;610;647;674;666;696;700;732;740;507;263;532;565;611;613;612;620;641;639;684;667;643;631;617;603;613;595;606;626;673;681;59;14;67;78;109;116;145;141;150;154;159;164;181;174;190;187;197;199;181;179;230;236;49;29;62;65;65;67;73;64;57;62;67;69;69;59;55;54;53;40;42;39;46;62;194;137;177;186;179;179;165;156;160;153;165;160;140;127;117;106;114;164;157;157;162;158;203;140;246;284;343;394;448;480;511;583;664;715;748;740;801;800;812;847;854;861;1029;1051
"23 Spoorwijk";2286;2188;2093;2052;1906;1812;1603;1484;1388;1219;1094;992;1008;1059;1062;1120;1071;1061;1003;981;997;960;565;557;566;565;566;596;568;484;490;434;458;426;448;488;512;593;599;607;589;602;597;630;747;666;556;500;482;519;493;438;464;424;412;318;311;338;401;480;488;484;496;494;517;524;675;649;676;745;772;783;739;693;643;581;730;656;733;893;991;1082;1119;1118;1121;1102;1082;1091;111;133;187;273;314;346;312;305;286;201;165;109;111;121;130;145;166;168;178;172;165;163;58;52;54;62;69;65;58;49;49;45;43;31;31;36;39;48;43;26;34;30;26;55;215;201;192;196;195;178;156;145;117;111;107;89;81;83;80;84;79;110;105;100;103;100;360;369;354;453;482;517;507;458;419;399;363;322;352;389;453;545;585;633;635;676;719;741
"24 Laakkwartier-West";5296;5157;5035;4948;4688;4552;4360;4123;3803;3566;3480;3421;3254;3110;3016;2968;2883;2828;2752;2651;2609;2567;232;275;283;277;287;329;349;391;415;450;492;496;514;483;471;439;435;462;455;464;446;459;356;386;389;371;349;368;419;443;428;455;442;435;412;398;395;394;385;407;395;397;394;373;774;775;844;897;1092;1190;1254;1368;1394;1482;1442;1475;1476;1436;1431;1425;1410;1413;1365;1364;1364;1342;85;85;81;103;130;181;160;160;158;188;204;217;240;230;231;284;297;335;351;327;288;303;95;100;114;110;108;117;123;112;103;121;139;151;131;116;118;130;145;131;151;148;165;193;426;415;397;383;360;350;358;333;307;309;324;322;301;266;265;289;270;354;331;337;329;309;388;437;512;572;598;691;729;872;921;989;1114;1145;1226;1316;1643;1717;1848;1952;2154;2223;2380;2474
"25 Laakkwartier-Oost";7502;7324;7058;6877;6802;6548;6245;5818;5518;5238;5042;4911;4815;4677;4487;4423;4161;4049;3952;3928;3849;3769;297;365;394;392;373;382;416;468;531;533;571;554;550;519;508;528;514;510;467;473;443;428;292;298;298;307;317;332;362;372;395;428;417;391;382;365;335;337;329;328;329;318;309;341;1177;1136;1194;1251;1227;1278;1422;1530;1621;1683;1582;1629;1677;1669;1558;1579;1553;1552;1503;1484;1470;1433;150;151;171;165;196;225;255;276;257;272;283;269;300;295;321;360;409;432;459;463;474;501;160;146;155;148;139;133;130;142;153;179;213;193;203;186;170;239;236;184;210;231;232;281;692;677;686;678;660;621;588;583;551;519;487;505;490;470;449;484;480;637;612;594;583;585;631;695;729;805;844;916;986;1099;1197;1349;1519;1678;1909;2164;2559;2594;2824;3084;3392;3418;3663;3704
"26 Noordpolderbuurt";3514;3464;3255;3046;2721;2518;2465;2332;2133;2023;1938;1892;1775;1715;1610;1598;1536;1489;1450;1432;1425;1354;770;775;776;752;738;750;772;791;802;820;820;835;831;832;801;808;839;856;834;802;790;808;1164;1232;1230;1223;1271;1258;1236;1214;1195;1214;1253;1288;1347;1376;1308;1297;1309;1349;1347;1333;1343;1337;1969;1981;1878;1785;1707;1727;1709;1668;1609;1555;1557;1542;1569;1501;1453;1419;1399;1376;1341;1337;1344;1327;203;207;244;283;303;340;475;465;516;517;504;535;502;459;430;420;480;512;506;496;492;489;160;147;145;146;136;117;137;152;144;162;169;168;138;148;151;204;200;126;117;109;102;180;408;389;412;377;315;317;302;290;287;296;288;274;263;253;227;320;316;390;372;318;330;290;729;825;848;977;1067;1264;1385;1551;1634;1655;1764;1798;1706;1776;2014;2051;2213;2347;2444;2469;2509;2530
"30 Rustenburg";4466;4384;4332;4248;4149;4065;3959;3771;3562;3392;3272;3328;3114;3192;3147;3152;3091;3135;3108;3072;3032;2999;196;240;279;335;316;297;332;355;429;429;462;482;466;497;477;489;467;468;464;442;391;382;115;125;127;124;129;131;146;149;150;155;162;150;140;177;184;192;189;209;202;219;223;207;306;308;377;434;473;468;510;572;639;623;637;649;632;687;675;677;675;662;665;652;641;633;69;68;77;78;80;96;96;123;133;129;122;109;114;137;137;134;134;155;154;163;140;135;64;71;69;67;65;74;70;77;68;68;79;92;84;95;98;133;121;104;118;123;129;156;451;435;426;384;370;369;365;358;345;325;319;316;292;301;296;317;297;380;368;358;359;339;284;292;318;375;377;415;412;434;446;485;512;527;553;614;742;799;922;939;956;1040;1138;1150
"31 Oostbroek-Noord";3221;3140;2993;2873;2748;2638;2509;2363;2164;2043;1921;1888;1791;1742;1686;1696;1686;1621;1609;1544;1511;1451;172;261;354;418;455;499;557;601;611;672;717;727;711;716;707;719;692;686;672;653;635;625;28;23;32;30;33;46;61;76;116;121;126;121;139;130;112;110;116;124;134;130;128;141;356;386;435;461;551;559;602;619;638;628;660;698;708;721;729;719;697;711;718;706;672;666;41;52;49;54;58;71;76;86;78;83;78;78;73;82;76;83;98;113;111;111;105;94;67;73;78;71;69;70;70;69;70;81;90;97;99;96;100;105;90;62;65;82;78;108;284;277;259;248;247;245;239;235;227;216;219;205;203;194;177;186;180;229;214;223;228;224;199;206;252;253;256;275;285;329;349;451;482;527;582;618;761;794;863;937;995;992;1093;1112
"32 Transvaalkwartier-Noord";1014;925;830;798;739;673;623;583;544;490;476;470;440;435;440;474;435;433;382;344;353;350;1006;1040;1066;1059;1064;1052;1078;1106;1037;1036;1047;1033;1034;1003;995;982;1009;959;925;905;1029;1043;591;594;551;543;556;561;572;589;642;680;700;734;764;711;671;669;669;608;573;576;631;605;1467;1448;1399;1383;1304;1290;1236;1172;1106;1075;1043;1018;996;976;924;895;874;786;774;743;806;793;106;105;102;111;97;106;116;136;129;141;140;145;154;138;132;106;115;120;113;119;128;132;45;42;42;46;33;33;37;36;44;33;40;49;59;48;35;40;45;34;36;26;29;47;109;110;104;96;98;90;91;78;63;66;67;68;52;56;61;73;65;87;72;66;64;56;504;522;514;565;609;615;625;665;722;726;708;723;724;777;834;798;809;801;789;811;878;950
"33 Transvaalkwartier-Midden";1488;1379;1216;1114;1024;978;889;810;738;673;647;645;562;416;348;332;328;340;353;389;397;393;1060;1142;1184;1288;1323;1316;1346;1280;1225;1241;1278;1273;1216;1092;1002;982;1102;1202;1302;1392;1437;1484;691;701;616;615;644;644;647;616;582;630;643;673;610;465;414;411;448;468;502;714;759;751;1403;1458;1450;1473;1544;1482;1404;1411;1290;1239;1228;1252;1241;1089;1032;1041;1064;1113;1134;1144;1117;1124;121;118;100;111;130;124;145;151;112;139;130;133;109;77;57;63;78;84;81;80;75;71;60;67;67;64;63;56;52;49;55;40;43;47;37;43;35;46;42;28;32;40;43;64;136;137;120;122;113;113;108;74;75;71;70;76;77;68;46;44;42;60;67;85;85;77;420;465;512;525;561;521;515;493;557;599;622;643;638;602;714;686;714;826;916;937;982;982
"34 Transvaalkwartier-Zuid";2566;2368;2195;1999;1783;1579;1382;1208;1071;825;721;685;558;529;511;485;471;486;503;489;488;492;1710;1911;2010;2162;2139;2145;2194;2135;2175;2117;2048;2034;1966;2069;2119;2130;2200;2262;2261;2201;2173;2142;924;930;883;868;912;840;884;890;892;718;699;603;533;795;785;806;828;838;835;829;839;825;1407;1528;1591;1644;1653;1547;1529;1446;1346;1236;1194;1115;1177;1270;1367;1454;1623;1598;1593;1540;1532;1497;97;143;154;145;134;141;145;155;153;102;108;123;94;111;110;111;121;126;118;108;140;126;81;67;56;70;63;51;62;60;49;45;55;106;115;137;105;183;227;237;304;296;319;382;210;198;182;165;149;145;144;134;114;97;96;116;89;72;68;64;71;86;93;97;90;82;697;795;862;956;990;1006;1037;1031;992;889;874;846;825;1040;1390;1446;1533;1625;1714;1717;1682;1736
"35 Oostbroek-Zuid";5405;5308;5136;4875;4652;4423;4241;3812;3522;3331;3145;2929;2859;2729;2690;2612;2538;2507;2456;2393;2247;2175;405;530;699;840;1042;1236;1352;1501;1648;1792;1842;1844;1809;1820;1732;1791;1762;1763;1732;1679;1608;1575;51;87;77;90;89;109;125;151;168;183;207;216;207;204;212;223;207;208;213;195;206;202;552;575;635;695;784;835;888;956;997;1037;1067;1112;1112;1137;1129;1076;1069;1056;1043;996;1004;981;58;50;60;50;56;49;58;81;77;85;126;107;109;139;137;140;148;138;141;148;165;162;81;84;75;72;81;94;109;119;122;131;139;132;163;185;192;220;213;186;205;198;204;284;479;468;465;436;406;387;374;374;344;340;335;312;318;290;291;294;302;369;364;355;338;339;273;269;308;362;351;383;428;436;505;590;711;791;873;1022;1337;1410;1608;1743;1811;1825;2069;2195
"36 Zuiderpark";8;8;8;11;"x";"x";"x";"x";"x";"x";"x";"x";"x";46;44;44;150;38;143;139;137;134;"x";"x";"x";"x";"x";"x";"x";"x";"x";"x";"x";"x";"-";"x";"x";"x";"x";"x";"x";"x";"x";"x";"x";"x";"x";"x";"x";"x";"x";"x";"x";"x";"x";"x";"-";"x";"x";"x";"x";"x";"x";"x";"x";"x";"x";"x";"x";"x";"x";"x";"x";"x";"x";"x";"x";"x";"-";"x";"x";"x";"x";"x";"x";5;"x";6;"x";"x";"x";"x";"x";"x";"x";"x";"x";"x";"x";"x";"-";"x";"x";"x";"x";"x";"x";"x";"x";"x";"x";"x";"x";"x";"x";"x";"x";"x";"x";"x";"x";"x";"-";"x";"x";"x";"x";"x";"x";"x";"x";"x";"x";"x";"x";"x";"x";"x";"x";"x";"x";"x";"x";"x";"-";"x";"x";"x";10;"x";10;8;9;10;"x";"x";"x";"x";"x";"x";"x";"x";"x";"x";"x";"x";"-";"x";"x";"x";"x";5;9;7;5;8
"37 Moerwijk-West";4157;4144;3958;3860;3760;3595;3436;3246;3082;2951;2811;2674;2533;2377;2225;2164;2026;1918;1860;1829;1771;1710;184;208;254;249;271;285;317;367;392;437;426;483;526;578;604;607;605;664;701;677;684;670;288;319;335;358;377;388;399;436;457;518;549;598;637;687;727;788;818;834;849;851;860;871;340;433;470;462;464;469;486;483;492;515;533;524;537;551;555;550;557;552;564;569;599;603;59;59;70;82;116;164;187;230;255;282;290;292;329;357;367;366;381;364;349;340;357;344;78;81;87;98;92;89;94;89;100;97;96;86;74;61;61;67;71;37;41;39;35;58;435;416;399;381;380;369;367;356;342;328;309;297;281;263;250;236;226;251;251;237;229;219;278;351;412;491;590;670;777;861;953;1028;1048;1108;1101;1133;1331;1347;1427;1498;1508;1594;1692;1741
"38 Moerwijk-Noord";4732;4700;4562;4410;4211;3954;3801;3652;3422;3194;2967;2720;2654;2520;2438;2345;2264;2214;2152;2084;2009;1983;260;300;390;522;592;655;748;784;876;954;993;1003;1020;1054;1068;1084;1087;1073;1047;1045;1041;1015;188;222;260;287;310;332;348;375;390;454;448;485;487;498;518;536;539;547;547;557;577;576;364;435;435;411;479;488;557;667;741;730;733;750;804;815;794;805;811;807;822;806;803;791;48;56;55;62;80;99;130;140;157;163;152;179;201;232;226;225;231;240;252;241;246;270;81;85;85;85;86;94;92;104;110;111;104;107;108;118;113;118;126;100;118;123;138;167;446;467;469;460;438;408;381;375;356;338;317;294;291;285;287;283;278;320;318;306;296;285;241;275;299;360;442;482;520;603;720;814;894;923;1002;1131;1283;1318;1516;1525;1577;1641;1711;1817
"39 Moerwijk-Zuid";3020;2851;2724;2590;2485;2371;2244;2131;2023;1895;1790;1741;1454;1352;1221;1287;1307;1314;1292;1268;1240;1229;122;130;138;174;163;189;178;175;187;185;192;233;230;239;230;260;303;320;343;355;349;405;180;200;212;242;276;266;296;331;384;442;515;564;553;511;510;522;583;569;545;531;547;642;293;328;347;365;372;383;413;432;434;418;423;426;384;375;364;400;453;471;475;492;504;523;37;37;58;61;80;120;183;251;262;282;312;292;307;258;241;231;241;252;244;228;235;227;60;60;63;65;70;62;57;60;67;62;61;68;59;51;50;55;66;36;35;29;34;58;335;333;327;303;285;280;269;259;257;245;224;214;178;150;144;145;159;160;160;162;161;144;247;301;347;366;407;446;481;528;560;597;694;724;717;705;743;766;827;859;829;811;881;931
"40 Nieuw Waldeck";6195;6066;6019;6015;5829;5745;5617;5541;5438;5349;5256;5148;5061;4961;4843;4759;4861;4717;4857;4805;4739;4720;60;75;81;91;101;106;112;131;135;165;184;194;178;180;193;216;225;218;233;234;244;260;74;97;94;102;115;136;141;135;133;151;174;165;167;168;202;205;195;210;247;257;270;286;581;581;566;521;518;512;513;531;517;509;516;505;503;467;469;485;466;438;456;445;481;464;104;88;86;76;80;78;92;116;131;140;128;114;124;130;137;133;144;144;168;167;174;176;97;102;100;117;110;117;128;148;141;138;135;142;141;145;133;119;116;80;75;76;75;126;618;623;630;605;596;592;579;535;526;518;502;485;484;487;467;463;489;512;542;530;506;504;339;327;349;380;424;449;484;515;482;479;486;517;534;558;592;675;659;675;720;766;769;753
"41 Zorgvliet";188;238;246;247;239;221;211;207;208;213;209;202;204;195;202;210;208;198;204;202;216;239;"x";"x";"x";"x";"x";"x";"x";"x";"x";"x";"x";"x";"-";"x";"x";"x";"x";"x";"x";"x";"x";"x";"x";"x";"x";"x";"x";"x";"x";"x";"x";"x";"x";"x";"-";"x";"x";"x";"x";"x";"x";"x";"x";"x";"x";"x";"x";6;7;"x";"x";"x";"x";"x";"x";"x";6;7;12;11;7;"x";"x";"x";"x";"x";5;5;"x";"x";"x";7;7;7;9;6;6;6;6;8;5;5;5;5;5;5;6;6;"x";"x";7;10;"x";6;5;"x";"x";"x";5;5;6;7;6;10;9;13;11;10;15;23;64;82;95;88;88;87;87;88;79;82;82;84;93;109;105;102;93;97;101;112;110;112;11;17;26;29;27;28;26;23;31;39;39;44;50;65;82;62;45;51;52;65;68;75
"42 Stadhoudersplantsoen";1013;1048;1028;956;964;1017;1219;1214;1152;1173;1152;1135;1091;1091;1103;1098;1064;1064;1071;1089;1076;1053;15;14;14;11;8;8;6;6;5;5;"x";"x";"x";"x";7;"x";"x";"x";5;7;5;9;"x";"x";5;5;5;"x";6;"x";"x";"x";"x";"x";"x";"x";"x";"x";"x";"x";"x";5;6;"x";42;45;37;37;36;31;38;33;36;31;34;34;41;40;42;35;37;33;38;38;42;43;30;30;43;22;21;17;22;16;18;15;13;15;21;24;22;21;26;22;25;22;18;12;9;16;14;18;18;24;32;31;34;31;36;33;44;41;45;51;61;34;39;63;73;121;294;292;298;299;296;290;341;351;332;338;314;312;305;311;304;317;321;354;355;354;353;368;121;118;112;99;81;83;124;131;144;135;131;137;158;159;185;171;182;206;228;259;287;291
"43 Sweelinckplein eo";3791;3837;3799;3764;3793;3694;3658;3628;3575;3505;3519;3471;3411;3326;3291;3358;3302;3286;3384;3408;3664;3458;10;11;9;14;9;13;15;12;14;22;20;24;21;13;19;28;18;21;25;21;78;26;38;36;38;33;21;20;37;38;39;38;36;43;32;40;40;36;40;39;28;29;146;25;218;229;227;208;201;201;188;184;185;179;176;172;164;156;171;176;170;167;165;158;277;156;83;76;69;71;53;51;60;58;49;49;53;58;56;61;58;63;76;69;74;76;160;71;72;72;73;73;72;72;85;80;72;66;68;80;90;90;78;100;135;101;115;122;142;188;1014;991;957;949;916;946;948;946;942;945;946;934;927;945;931;995;1017;1100;1125;1143;1195;1190;364;360;365;374;363;378;408;384;408;455;476;507;521;534;620;546;594;576;624;631;846;696
"44 Koningsplein eo";4352;4280;4223;4120;4180;4208;4146;4010;3984;4035;4067;4097;4031;3979;3933;3969;4003;4007;4072;4141;4149;4137;226;199;205;185;184;168;153;171;173;174;186;175;141;143;155;170;156;172;188;186;170;178;252;239;197;176;163;143;152;151;149;157;141;143;143;148;159;161;170;168;182;192;188;185;1306;1256;1220;1125;1097;1056;985;956;894;877;853;797;725;727;681;669;673;649;644;611;624;626;235;193;191;209;173;194;193;173;176;182;168;157;152;141;144;142;147;156;152;150;148;134;102;125;108;114;103;110;103;105;113;125;141;144;131;140;125;164;162;117;123;139;158;208;919;929;924;922;895;903;934;965;926;928;927;935;871;870;846;899;922;1018;1015;992;944;933;746;724;683;663;659;643;693;702;668;684;700;765;744;761;906;893;912;962;994;1025;1005;1034
"45 Zeeheldenkwartier";6668;6672;6656;6604;6407;6359;6294;6218;6169;6127;6060;6032;5924;5864;5815;5789;5767;5763;5810;5839;5960;5973;182;183;186;202;195;201;184;171;182;200;210;201;223;231;242;242;239;254;276;268;253;250;304;301;294;296;279;279;295;289;291;296;312;314;327;360;358;362;380;338;359;393;397;417;978;946;889;842;812;788;760;707;690;657;659;667;658;642;634;637;634;614;611;605;618;625;343;348;310;248;212;216;234;238;252;238;238;224;241;251;239;254;277;261;258;247;262;284;235;230;239;246;262;271;268;258;261;249;260;260;250;252;252;298;315;276;293;301;341;456;1429;1490;1535;1543;1451;1422;1452;1463;1532;1493;1496;1495;1496;1412;1369;1436;1412;1612;1618;1570;1647;1735;956;1122;1204;1325;1174;1214;1412;1200;1381;1431;1601;1780;1850;1413;1779;1784;1920;1923;1980;1692;1714;1778
"46 Archipelbuurt";3785;3704;3741;3814;3769;3789;3807;3848;3759;3726;3656;3617;3537;3450;3365;3363;3322;3280;3295;3277;3255;3306;11;16;15;19;17;25;24;27;25;29;27;18;19;17;24;23;24;24;25;23;25;28;10;9;9;8;11;12;17;12;14;18;20;21;21;20;23;25;30;28;22;15;16;18;82;69;80;66;65;75;81;69;69;74;78;69;61;75;73;76;80;79;84;90;88;91;36;32;41;50;49;45;48;53;56;62;57;52;56;56;57;56;57;53;55;48;52;57;67;76;80;83;89;90;98;115;114;123;141;148;132;140;135;155;179;167;183;183;181;219;1228;1271;1233;1252;1212;1239;1288;1334;1312;1339;1405;1381;1359;1358;1327;1393;1369;1423;1390;1396;1379;1376;311;315;332;377;363;398;440;469;503;497;531;560;591;589;655;611;676;672;710;712;733;758
"47 Willemspark";930;917;936;912;912;887;910;899;856;827;809;774;751;730;704;713;748;745;728;729;732;737;6;6;5;7;9;8;7;8;8;8;9;7;5;6;11;12;13;13;11;11;15;17;"x";"x";5;"x";"x";"x";"x";"x";"x";"x";"x";"x";"x";"x";"x";5;"x";"x";"x";6;7;7;16;17;22;17;17;18;16;13;19;19;16;16;12;12;11;11;12;13;12;14;13;8;22;19;19;17;25;18;21;25;23;18;16;15;16;17;14;13;13;12;12;14;16;15;27;28;31;36;33;35;39;46;44;46;50;45;45;51;53;55;50;51;62;73;84;91;289;306;317;325;333;325;337;339;367;357;389;402;381;374;339;364;363;401;374;375;380;374;66;68;82;90;88;77;80;90;89;105;132;130;143;144;194;147;183;177;192;208;231;207
"48 Nassaubuurt";938;925;924;934;923;871;889;879;863;851;851;855;814;787;811;815;824;820;822;838;841;823;"x";"x";"x";6;"x";"x";"x";"x";"x";"x";"x";"x";"-";"x";"x";"x";"x";"x";"x";"x";"x";5;"x";"x";"x";"x";"x";"x";"x";"x";"x";"x";"x";"x";"x";"x";"x";"x";"x";"x";"x";7;7;7;25;27;32;26;30;31;29;29;31;31;30;29;27;28;27;29;31;25;25;25;26;25;17;15;19;26;22;20;18;18;22;22;20;19;21;23;20;18;22;19;12;12;10;10;29;34;33;33;42;38;40;41;38;34;31;33;30;30;32;37;37;31;30;38;41;40;391;384;412;431;386;374;385;403;407;396;406;419;411;384;354;371;356;377;355;357;371;385;155;152;146;166;155;164;185;182;178;188;206;208;203;213;261;216;215;205;222;220;223;243
"49 Haagse Bos";200;305;306;307;288;280;282;274;270;271;274;255;263;257;259;258;260;277;254;257;236;225;"x";"x";"x";"x";"x";"x";"x";"x";"x";"x";"x";"x";"-";"x";"x";"x";"x";"x";"x";"x";"x";"x";"x";"x";"x";"x";"x";"x";"x";"x";"x";"x";"x";"x";"-";"x";"x";"x";"x";"x";"x";"x";"x";"x";"x";"x";"x";"x";"x";"x";"x";"x";"x";"x";"x";"x";"x";"x";"x";"x";"x";6;5;5;6;"x";"x";"x";"x";"x";"x";"x";"x";"x";"x";"x";"x";"x";"x";"x";5;"x";"x";"x";"x";"x";"x";"x";"x";"x";"x";"x";"x";5;5;"x";5;"x";7;"x";12;7;5;9;12;14;16;16;20;21;75;97;102;108;93;94;90;91;94;82;85;79;77;66;66;72;73;71;82;72;67;68;26;33;25;31;36;43;51;47;45;48;37;43;42;52;58;53;62;59;45;47;60;66
"50 Bloemenbuurt-West";1701;1686;1670;1661;1659;1677;1666;1667;1723;1746;1744;1698;1699;1681;1671;1676;1757;1755;1744;1765;1756;1768;"x";"x";"x";"x";"x";5;5;5;5;"x";5;"x";5;5;5;5;"x";9;7;11;12;12;"x";"x";"x";"x";"x";"x";"x";"x";5;"x";"x";"x";"x";"x";"x";5;7;5;6;5;6;5;27;31;39;43;51;47;37;37;34;38;37;33;35;38;36;37;41;38;39;36;29;27;20;20;18;17;18;17;17;21;20;14;13;12;11;7;12;11;15;12;12;12;15;13;11;16;16;13;10;9;11;9;14;15;18;22;20;21;20;20;27;17;18;20;20;33;323;335;323;308;302;313;302;302;320;313;324;318;312;316;316;320;335;364;356;344;337;331;68;82;92;100;101;91;90;94;103;98;102;105;118;125;130;135;138;116;114;112;123;121
"51 Bloemenbuurt-Oost";4970;4950;4920;4915;4847;4865;4781;4731;4648;4605;4607;4605;4498;4425;4422;4380;4383;4372;4413;4447;4404;4426;16;22;25;30;32;29;30;35;34;33;35;32;36;38;39;46;52;50;48;45;51;46;20;19;14;17;19;16;19;16;12;11;16;19;17;20;28;28;33;33;31;31;29;27;231;236;232;235;251;241;219;229;197;220;188;196;190;186;182;186;183;178;183;186;179;191;34;30;30;31;30;27;32;41;43;39;32;36;41;43;38;40;45;40;45;47;57;56;75;80;75;75;70;78;75;88;94;108;109;103;107;114;114;126;122;114;117;123;130;178;929;910;887;877;879;861;874;857;856;841;829;805;811;830;820;829;842;955;928;929;958;931;245;239;247;268;277;286;287;312;322;341;368;364;369;419;469;451;437;381;406;429;500;516
"52 Bomenbuurt";4483;4488;4445;4348;4278;4224;4185;4094;4024;3963;3964;3960;3909;3867;3881;3843;3826;3813;3821;3830;3858;3845;10;13;17;10;16;25;22;20;21;22;31;31;37;38;37;32;29;31;30;30;41;42;11;14;23;25;18;21;27;23;22;22;33;30;27;21;18;21;22;27;31;34;23;32;267;258;245;254;262;247;262;259;241;229;222;226;217;217;210;209;212;211;200;194;196;198;45;36;34;38;41;45;43;44;56;53;51;45;43;46;42;42;57;50;59;57;68;58;61;63;57;64;64;65;71;77;86;88;88;91;92;107;105;115;119;87;95;98;108;157;971;943;948;946;912;912;907;882;850;857;842;845;815;793;778;802;820;904;900;937;938;916;283;282;294;278;305;319;329;312;330;360;374;416;409;417;489;492;493;453;514;540;561;549
"53 Vruchtenbuurt";5720;5689;5647;5576;5516;5488;5410;5392;5340;5315;5291;5330;5277;5197;5161;5231;5213;5184;5196;5185;5251;5242;15;16;17;16;20;14;37;45;45;35;30;31;33;37;38;39;46;45;52;52;49;48;27;29;28;25;28;25;30;28;28;20;21;12;17;20;21;17;12;14;14;12;19;18;133;139;150;159;150;142;149;141;142;150;155;159;164;154;168;163;169;165;169;172;167;163;47;49;50;41;37;39;41;44;48;45;39;48;60;70;64;64;82;78;78;78;73;75;64;59;56;64;72;79;76;78;77;73;73;76;77;78;77;76;79;79;96;95;84;112;853;827;817;819;849;850;832;831;837;818;796;797;801;794;775;794;804;861;867;873;888;901;351;343;332;310;310;300;309;316;336;354;377;368;402;405;445;446;465;418;432;473;478;486
"54 Heesterbuurt";4885;4761;4693;4655;4476;4409;4302;4217;4158;4098;4085;4047;4030;4004;3905;3928;3967;3856;3887;3895;3931;3881;155;155;148;150;172;172;179;197;199;191;199;189;174;160;160;163;149;151;154;149;131;135;145;123;129;114;118;136;147;157;162;151;161;160;154;143;150;165;162;140;146;144;155;150;662;689;678;691;732;711;698;704;717;673;665;625;598;607;597;566;561;546;531;543;526;532;137;128;98;115;113;132;159;154;139;134;144;135;142;120;127;153;154;168;153;153;174;177;129;136;130;113;118;116;123;118;106;108;110;118;127;117;109;110;111;80;93;96;101;132;624;642;600;584;597;605;620;608;619;586;567;562;530;517;520;527;536;635;656;665;662;680;488;510;508;502;509;484;551;585;642;661;657;701;734;716;841;849;954;928;994;1014;1061;1088
"55 Valkenboskwartier";6556;6257;6093;5917;5796;5497;5282;5096;5009;5027;4985;5095;5048;5000;4974;4954;4962;5125;5111;5218;5215;5249;622;661;649;668;576;529;475;465;468;499;496;480;454;459;445;446;448;448;444;409;418;416;478;508;507;506;468;459;424;424;431;421;403;356;306;313;320;315;335;321;334;344;331;323;2766;2624;2700;2639;2548;2379;2168;2070;2046;2221;2223;2198;2055;1953;1926;1892;1872;1828;1801;1757;1757;1703;450;465;423;376;403;341;337;314;334;304;291;286;230;235;225;220;238;229;233;242;242;250;173;169;177;176;186;147;151;138;154;166;167;173;156;175;165;216;221;196;221;239;257;317;1154;1184;1148;1088;1019;1001;1028;1048;1053;1069;1070;1086;1034;1030;995;1045;1064;1172;1116;1133;1174;1198;1410;1513;1396;1256;1205;1191;1260;1250;1334;1438;1473;1504;1427;1554;1843;1889;1996;2071;2109;2108;2188;2181
"60 Binckhorst";205;251;235;223;210;207;196;180;179;171;169;173;164;153;143;160;154;153;150;142;131;403;8;9;9;10;9;10;6;7;7;7;10;9;5;8;"x";5;5;7;7;7;"x";73;7;6;8;10;16;15;23;27;25;26;33;32;32;27;28;28;26;26;22;26;21;183;27;29;21;18;14;12;14;15;14;14;11;7;11;12;10;9;9;9;8;13;11;180;"x";6;8;6;9;5;5;14;11;22;28;24;29;29;29;30;27;25;28;27;5;126;"x";8;8;"x";7;11;9;9;10;10;13;14;9;7;5;5;6;8;8;8;6;18;25;30;31;27;26;20;17;13;13;12;13;17;13;14;11;14;16;19;15;15;13;50;17;28;110;56;30;41;43;41;39;36;35;50;48;49;51;59;66;67;62;70;26;215
"61 Landen";3597;3550;3485;3415;3373;3334;3225;3127;2983;2935;2922;2818;2711;2649;2609;2570;2497;2452;2433;2375;2353;2331;96;94;96;96;95;98;79;92;86;91;79;88;90;77;89;92;89;93;92;94;98;105;50;53;66;73;91;90;92;98;116;143;151;184;170;181;191;205;240;239;243;243;257;261;168;188;209;196;201;202;191;197;202;227;212;231;266;267;253;254;263;277;289;297;309;320;66;66;84;90;93;104;113;138;147;143;131;149;157;147;148;153;160;158;184;185;180;167;87;89;80;76;80;77;82;89;88;93;92;93;92;97;95;103;110;81;92;73;71;113;650;651;611;588;594;605;623;609;585;547;553;536;521;493;492;480;468;515;512;513;504;480;414;439;461;492;493;550;582;650;722;682;711;745;812;846;932;917;969;993;1022;1112;1143;1174
"62 Rivierenbuurt-Zuid";364;383;367;368;354;362;362;359;332;323;326;318;310;290;275;274;268;262;253;242;248;244;58;55;47;48;45;43;38;42;41;49;49;39;32;31;25;24;24;21;8;13;16;15;59;46;41;38;28;43;44;41;36;40;31;26;18;19;17;16;12;13;15;21;24;22;103;108;107;108;114;115;112;112;104;88;72;74;73;70;74;78;66;66;65;63;68;66;41;37;39;27;33;31;30;29;42;44;35;40;33;36;37;45;69;71;75;79;67;73;11;16;15;7;5;8;8;11;19;20;25;32;23;21;23;24;23;19;27;30;35;38;61;66;73;68;65;56;56;50;50;55;57;52;58;53;52;56;55;66;76;87;100;106;78;78;74;54;53;59;61;89;92;98;124;150;143;152;191;187;192;213;216;227;263;255
"63 Rivierenbuurt-Noord";1547;1491;1472;1476;1461;1386;1351;1332;1262;1273;1221;1203;1147;1097;1242;1282;1208;1235;1207;1302;1344;1400;89;114;116;109;101;102;107;101;99;100;96;93;75;73;66;71;71;76;82;84;88;105;397;383;381;317;303;293;287;293;294;252;236;251;253;230;216;214;200;210;198;198;196;213;325;356;377;376;346;353;353;354;355;334;320;317;312;279;278;276;287;276;267;298;299;323;68;74;83;85;84;73;107;91;97;100;119;129;143;146;155;145;131;142;172;188;190;199;61;58;51;54;59;67;69;51;58;54;55;61;54;59;66;82;81;68;70;79;90;127;179;176;192;202;194;198;209;221;212;202;202;209;205;220;235;228;224;282;280;312;319;318;190;216;258;257;301;301;347;390;396;424;420;435;419;427;538;566;597;632;655;691;761;831
"64 Bezuidenhout-West";1496;1476;1439;1420;1396;1358;1290;1244;1272;1196;1152;1138;1082;1071;1053;1058;1022;951;996;1090;1158;1133;44;50;62;73;74;72;66;70;80;79;81;74;87;83;82;86;79;81;95;104;102;112;37;41;48;52;57;54;64;65;82;93;101;133;159;165;173;164;157;155;165;176;179;200;518;507;449;413;428;422;403;407;376;378;368;370;374;359;360;350;350;315;330;341;322;315;69;72;77;74;89;93;94;98;109;112;113;121;121;119;125;121;129;134;135;139;155;146;66;54;52;50;44;52;61;65;64;53;55;56;78;77;76;86;91;54;73;123;157;205;196;190;205;203;207;217;205;202;193;191;188;177;183;185;175;171;183;194;249;390;435;420;216;255;298;309;329;335;384;386;444;456;503;507;527;573;599;646;713;712;784;989;1021;1054
"65 Bezuidenhout-Midden";2020;2031;2034;2076;2030;1988;1932;1985;2012;2123;2161;2153;2162;2173;2153;2139;2120;2165;2149;2175;2151;2134;8;7;9;11;15;15;17;18;16;17;13;15;22;20;23;25;29;28;26;29;31;37;8;6;10;9;7;10;6;"x";6;10;12;12;12;10;5;"x";"x";9;11;10;17;16;82;79;89;82;77;67;69;70;70;72;66;71;86;77;82;78;85;83;79;79;80;81;34;31;28;27;29;29;30;40;41;34;34;30;31;28;27;29;34;33;30;34;34;35;52;64;61;72;72;63;66;72;72;93;100;102;114;125;119;137;122;144;146;160;152;179;607;578;589;622;579;576;556;584;589;639;617;643;675;672;630;650;599;672;665;660;688;707;213;219;217;229;229;251;263;277;293;358;375;364;436;514;637;613;564;602;603;729;818;837
"66 Bezuidenhout-Oost";7033;6936;6869;6773;6637;6501;6353;6225;6047;6027;5970;5942;5803;5703;5499;5563;5570;5622;5639;5707;5648;5525;78;73;79;92;96;76;83;75;74;73;77;65;63;64;60;58;51;47;55;55;65;75;90;105;77;62;62;56;57;59;58;71;63;59;62;64;62;65;59;61;63;66;64;56;493;489;493;445;396;410;385;399;363;349;344;362;340;315;311;303;304;293;299;289;284;291;99;98;95;100;103;112;118;134;145;126;108;94;97;103;101;112;126;118;118;120;112;132;175;185;176;169;165;179;186;186;183;200;204;238;244;240;216;253;264;211;230;253;277;353;1254;1242;1275;1225;1134;1133;1177;1164;1170;1182;1143;1159;1146;1124;1046;1104;1110;1231;1252;1254;1281;1278;493;527;515;525;534;591;605;649;688;759;756;799;852;870;1006;1029;1064;1058;1091;1164;1230;1318
"67 Kampen";1704;1639;1575;1542;1504;1448;1410;1354;1310;1286;1267;1293;1265;1255;1247;1194;1194;1173;1183;1186;1157;1126;57;64;65;57;54;43;40;38;36;40;34;33;33;37;39;40;42;44;47;48;55;50;41;54;52;49;59;64;59;58;62;72;76;72;79;71;74;73;74;70;75;82;82;83;131;133;128;139;122;122;130;126;131;144;142;135;130;138;141;145;146;133;132;125;119;126;18;24;24;24;34;32;48;52;60;61;59;54;55;61;68;67;64;73;72;75;93;99;54;54;56;54;57;68;59;51;48;47;44;45;46;47;49;58;57;33;43;45;52;67;315;312;320;308;286;310;308;310;301;291;279;284;275;271;265;258;257;285;279;281;295;292;217;258;322;322;332;356;366;352;367;362;385;393;409;426;451;467;464;486;499;496;524;534
"68 Marlot";468;389;399;399;391;390;413;467;456;400;381;391;402;407;423;413;431;436;448;454;440;463;"x";"x";"x";"x";"x";"x";"x";"x";"x";"x";"x";"x";"-";"x";"x";"x";"x";"x";"x";"x";"x";"x";"x";"x";"x";"x";"x";"x";"x";"x";"x";"x";"x";"x";"-";"x";"x";"x";"x";"x";"x";"x";"x";"x";8;8;9;9;8;6;8;8;7;"x";"x";"x";"x";5;"x";"x";"x";"x";"x";"x";"x";"x";11;13;15;18;17;17;17;17;17;16;16;15;18;18;17;14;13;12;11;13;14;14;12;11;8;9;13;12;13;13;13;13;13;15;16;11;11;13;13;6;6;6;8;11;289;323;294;257;256;239;229;238;235;219;225;238;228;215;198;197;204;205;193;193;180;177;54;58;56;68;63;71;67;70;75;78;74;85;92;93;107;112;115;108;124;138;155;161
"69 Burgen en Horsten";4460;4438;4394;4339;4222;4098;3942;3798;3679;3704;3684;3580;3538;3318;3282;3408;3310;3289;3206;3180;3151;3186;73;105;106;100;113;122;115;128;137;133;134;132;133;136;135;149;158;157;162;146;144;155;59;62;69;76;69;75;87;102;116;122;120;129;130;120;120;132;139;134;126;124;112;149;195;195;196;199;217;204;213;224;234;259;267;274;286;295;294;317;321;320;306;307;294;312;63;63;64;64;63;78;88;90;88;94;93;97;110;111;112;139;145;154;167;183;157;157;58;68;64;72;64;63;62;66;75;88;82;87;89;85;85;94;103;76;82;86;96;139;845;835;808;806;776;785;754;727;715;707;696;675;654;629;612;621;613;700;686;715;714;699;306;373;397;428;449;485;489;507;563;625;691;718;751;797;920;1009;1081;997;999;1164;1292;1345
"70 Oostduinen";11;11;12;10;9;8;6;5;7;"x";"x";"x";"-";"x";"x";"x";"x";"x";"x";"x";"x";"x";"x";"x";"x";"x";"x";"x";"x";"x";"x";"x";"x";"x";"-";"x";"x";"x";"x";"x";"x";"x";"x";"x";"x";"x";"x";"x";"x";"x";"x";"x";"x";"x";"x";"x";"-";"x";"x";"x";"x";"x";"x";"x";"x";"x";"x";"x";"x";"x";"x";"x";"x";"x";"x";"x";"x";"x";"-";"x";"x";"x";"x";"x";"x";"x";"x";"x";"x";"x";"x";"x";"x";"x";"x";"x";"x";"x";"x";"x";"-";"x";"x";"x";"x";"x";"x";"x";"x";"x";"x";"x";"x";"x";"x";"x";"x";"x";"x";"x";"x";"x";"-";"x";"x";"x";"x";"x";"x";"x";"x";"x";6;6;5;"x";"x";"x";"x";"x";"x";"x";"x";"x";"x";"x";"x";"x";"x";"x";"x";"x";"x";"x";"x";"x";"x";"x";"x";"x";"x";"x";"x";"x";"x";"x";"-";"x";"x";"x";"x";"x";"x";"x";"x";"x"
"71 Belgisch Park";5286;5427;5462;5631;5740;5643;5560;5532;5339;5298;5215;5235;5161;5123;5124;5116;5027;5011;5114;5065;5138;5148;32;33;31;27;21;23;29;31;27;27;36;32;28;33;32;41;38;31;37;42;39;38;39;38;43;43;58;50;56;50;52;55;60;59;63;59;56;55;52;67;61;67;76;82;96;92;114;115;125;151;136;142;142;140;149;155;151;151;156;153;150;147;158;162;158;157;54;57;54;62;56;53;56;59;54;48;48;59;66;64;73;86;95;77;93;73;75;87;107;115;113;117;130;128;134;134;144;148;142;151;164;184;173;190;194;167;158;165;166;262;1206;1274;1268;1309;1310;1275;1303;1297;1325;1297;1284;1354;1333;1415;1281;1370;1328;1427;1374;1402;1371;1393;409;461;536;587;605;646;674;702;726;721;699;743;757;777;930;796;868;870;904;938;947;896
"72 Rijslag";1210;1255;1254;1254;1238;1205;1186;1170;1144;1143;1144;1114;1141;1136;1156;1160;1135;1121;1097;1102;1107;1109;"x";"x";"x";"x";"x";6;6;7;7;9;9;9;9;6;5;"x";5;6;8;6;8;11;11;14;13;14;10;11;10;11;11;11;13;15;16;12;11;10;7;6;6;6;5;"x";18;18;20;21;22;22;22;23;23;26;22;21;20;24;27;26;33;33;35;37;36;38;17;15;14;20;15;19;25;19;19;18;18;17;18;19;18;16;19;18;18;17;15;16;25;22;23;23;20;20;17;18;21;19;23;14;15;13;16;17;15;17;22;31;25;39;249;282;299;282;238;236;235;233;237;227;226;229;210;230;218;227;224;259;273;258;254;246;94;112;99;89;106;109;124;137;139;145;144;150;157;151;149;153;150;143;142;159;162;160
"73 Westbroekpark";575;567;536;553;621;629;623;602;587;613;619;625;627;649;636;615;615;595;582;570;493;504;"x";"x";"x";"x";"x";"x";"x";"x";"x";"x";"x";"x";"x";"x";"x";"x";"x";"x";"x";"x";"x";"x";"x";"x";"x";"x";"x";"x";"x";"x";5;"x";"x";"x";"x";"x";"x";"x";"x";"x";"x";"x";"x";"x";10;8;6;6;11;9;8;7;6;7;6;7;"x";8;8;7;5;6;9;9;7;7;6;"x";"x";"x";"x";"x";5;5;5;"x";6;7;8;7;6;6;8;8;"x";"x";8;5;5;6;9;11;13;9;5;8;10;9;9;8;11;11;7;8;12;8;"x";17;7;12;215;214;213;219;214;214;218;204;200;191;189;176;188;193;179;194;176;190;188;194;194;179;80;75;72;83;78;83;90;80;84;91;90;90;89;81;87;102;100;66;74;69;90;105
"74 Duttendel";678;706;708;746;716;692;701;701;709;700;687;717;673;677;665;655;662;682;673;669;647;641;"x";"x";"x";"x";"x";"x";"x";"x";"x";"x";"x";"x";"-";"x";"x";"x";"x";"x";"x";"x";"x";"x";"x";"x";"x";"x";"x";"x";"x";"x";"x";"x";"x";"x";"-";"x";"x";"x";"x";"x";"x";"x";"x";"x";"x";"x";5;10;5;"x";"x";"x";"x";"x";"x";"x";5;5;"x";"x";5;"x";"x";"x";"x";5;"x";"x";"x";"x";"x";"x";"x";6;9;12;8;8;8;7;5;"x";"x";8;9;8;5;5;14;17;16;16;16;20;21;21;21;18;19;21;19;21;20;16;16;12;14;18;20;26;325;306;282;290;274;271;280;278;268;273;248;255;241;241;245;251;244;264;245;242;261;265;66;71;88;90;92;109;111;111;117;110;117;110;113;103;120;115;109;78;83;98;108;113
"75 Uilennest";1101;1081;1101;1106;1083;1065;1046;1063;1072;1076;1091;1107;1090;1095;1090;1089;1097;1129;1136;1161;1179;1143;"x";"x";"x";7;7;"x";6;5;8;"x";7;12;17;17;19;19;18;23;23;25;33;21;8;11;9;"x";"x";"x";"x";"x";"x";"x";"x";"x";5;6;"x";"x";"x";5;6;7;12;7;11;12;15;14;17;17;17;16;14;16;19;16;13;13;11;10;10;9;12;12;14;16;16;19;17;16;15;14;18;14;12;17;14;11;10;12;12;12;14;14;15;17;22;19;29;25;27;23;17;17;21;28;31;38;42;41;43;40;39;45;49;34;28;36;39;56;494;476;490;469;443;453;466;477;464;481;470;459;450;441;431;442;422;425;433;424;429;407;117;134;138;153;154;158;160;147;185;178;167;167;194;188;211;223;236;261;304;292;310;316
"76 Duinzigt";1595;1603;1597;1603;1558;1551;1529;1544;1481;1466;1442;1424;1411;1420;1424;1423;1428;1443;1427;1444;1506;1504;"x";"x";"x";"x";"x";"x";"x";"x";"x";"x";"x";"x";"x";5;"x";8;12;14;12;12;11;11;"x";"x";"x";"x";"x";"x";"x";"x";"x";"x";"x";"x";"x";"x";"x";6;"x";"x";10;8;8;8;20;19;20;19;18;26;31;26;25;25;21;19;19;16;15;14;15;16;18;19;22;27;14;19;21;24;22;23;23;26;21;21;17;17;18;21;21;23;20;17;17;17;15;22;23;17;19;19;19;28;32;26;28;32;41;41;37;34;33;44;36;24;25;45;45;66;635;631;600;588;616;629;624;637;647;643;636;626;595;602;570;595;572;579;585;587;589;587;145;159;158;169;167;179;203;228;211;196;208;239;222;230;260;246;248;260;275;305;294;291
"77 Waalsdorp";2174;2135;2202;2179;2163;2202;2169;2140;2093;2063;2011;2003;2005;2004;2046;2082;2129;2127;2133;2145;2186;2253;"x";"x";"x";"x";"x";"x";"x";"x";6;"x";"x";"x";5;5;5;5;5;5;5;6;"x";"x";5;7;9;5;6;"x";"x";"x";"x";"x";"x";"x";"x";"x";"x";"x";"x";"x";"x";"x";"x";"x";21;29;29;27;32;30;32;31;30;29;29;32;30;28;27;28;31;26;25;27;27;34;27;26;27;28;26;24;24;24;26;23;22;30;30;31;35;34;31;34;28;27;28;36;59;62;58;64;70;71;78;82;83;93;88;95;91;77;78;92;95;80;83;120;105;143;914;921;929;920;901;906;883;903;911;888;858;854;825;814;793;781;766;841;849;849;836;817;281;305;315;361;337;339;327;323;334;339;368;391;388;373;437;404;426;421;458;448;491;469
"78 Arendsdorp";891;900;908;926;925;906;913;908;887;855;858;840;800;794;772;780;789;772;753;737;697;688;"x";"x";"x";"x";"x";"x";"x";"x";"x";"x";"x";"x";"-";"x";"x";"x";"x";"x";"x";"x";"x";"x";"x";"x";5;5;5;6;6;6;7;7;10;6;6;"x";"x";"x";"x";"x";"x";"x";"x";"x";10;11;10;11;11;11;12;11;8;8;7;9;11;13;11;15;12;10;10;7;12;11;14;16;18;20;20;21;28;30;25;24;18;17;15;16;17;13;13;15;11;9;11;11;10;19;21;18;14;15;10;14;18;23;22;15;15;27;28;27;28;31;34;34;36;37;414;414;417;425;414;417;437;442;401;416;403;388;359;349;316;364;326;343;333;341;324;323;80;85;94;103;110;111;108;123;129;116;135;151;145;150;211;167;188;168;214;236;232;224
"79 v Hoytemastraat eo";1363;1366;1373;1324;1338;1335;1330;1328;1313;1348;1342;1324;1310;1331;1323;1327;1361;1381;1411;1417;1395;1371;5;6;"x";7;"x";"x";"x";"x";"x";"x";"x";"x";"-";"x";"x";"x";5;"x";5;"x";"x";6;10;10;9;10;8;9;8;10;7;9;"x";6;5;6;"x";5;"x";"x";"x";"x";5;"x";19;22;23;24;24;22;23;19;17;21;24;25;26;25;23;21;22;23;25;25;26;21;17;17;16;18;21;23;23;20;27;37;34;30;25;24;25;23;21;22;28;30;27;24;17;21;22;20;18;25;22;34;45;40;43;41;41;39;45;48;63;61;60;61;72;95;535;528;529;526;496;486;521;545;511;508;492;483;454;446;407;407;399;414;392;424;438;444;190;179;174;179;164;160;178;197;218;222;213;223;239;247;301;267;262;278;262;300;341;337
"80 Morgenstond-Zuid";4077;3553;3405;3321;3358;3156;2968;2865;2719;2688;2614;2573;2450;2363;2260;2165;2008;1931;1864;1844;1827;1725;210;188;217;234;231;251;272;278;287;318;380;491;521;580;645;706;756;806;814;845;846;889;176;193;227;249;252;274;288;322;336;423;444;503;507;543;555;558;599;644;658;636;638;646;405;405;429;447;432;489;456;438;435;473;531;552;595;619;617;617;650;635;641;631;655;647;78;99;97;116;127;159;202;263;260;269;244;237;250;255;270;252;256;268;223;208;218;220;97;101;112;112;96;96;107;112;119;113;106;117;116;112;104;98;93;56;65;65;74;114;546;508;476;436;457;442;414;415;397;370;358;333;334;311;306;296;280;335;292;282;266;262;322;367;409;449;519;601;670;718;753;806;855;869;892;922;999;1029;1105;1225;1292;1381;1504;1526
"81 Bosjes van Pex";267;266;268;275;294;295;300;301;302;311;298;302;286;282;286;282;281;289;291;280;282;280;"x";"x";"x";"x";"x";"x";"x";"x";"x";"x";"x";"x";"x";"x";"x";"x";"x";"x";"x";"x";"x";"x";"x";"x";"x";"x";"x";"x";"x";"x";"x";"x";"x";"x";"x";"x";"x";"x";"x";"x";"x";"x";"x";"x";"x";5;7;7;8;8;8;9;"x";5;"x";"x";"x";"x";"x";"x";"x";"x";"x";7;5;"x";"x";"x";"x";"x";"x";"x";"x";"x";"x";"x";"x";"x";6;6;6;5;5;7;6;6;8;6;6;7;7;6;"x";7;7;7;7;7;8;8;9;12;12;15;16;15;13;12;13;13;78;79;74;74;71;69;67;62;62;56;52;56;61;54;52;53;55;60;62;57;55;56;8;9;9;11;13;11;14;16;18;23;28;28;34;37;44;37;44;42;35;40;35;39
"82 Rosenburg";2038;2027;2085;2038;1949;1839;1815;1810;1842;1775;1751;1731;1737;1780;1778;1766;1754;1873;1876;1968;2013;1986;39;32;34;28;18;24;21;26;26;24;26;27;32;34;28;32;28;17;18;23;21;25;31;15;23;20;19;20;26;32;35;30;25;27;27;28;21;21;26;30;29;31;24;33;110;111;108;106;114;94;89;95;100;103;107;97;85;90;97;97;109;116;115;125;126;122;16;16;22;14;17;16;19;18;20;26;31;26;29;29;24;29;30;28;35;30;40;38;36;36;29;36;34;38;40;37;39;40;50;52;53;53;56;56;57;50;50;49;54;59;287;311;319;314;285;269;269;260;265;258;256;234;224;246;253;254;250;303;279;300;286;279;92;84;99;101;107;117;138;123;159;170;168;175;161;166;164;182;189;166;182;224;234;264
"83 Eykenduynen";2174;2204;2173;2126;2118;2115;2085;2076;2016;2006;1986;1973;1956;1961;1976;1992;1977;1972;1980;2018;2024;2009;7;"x";"x";"x";"x";6;8;9;11;11;11;13;15;17;18;19;17;20;18;20;14;16;"x";"x";"x";"x";"x";"x";"x";"x";5;12;11;11;8;7;5;7;9;15;8;8;11;9;59;52;57;50;65;63;56;45;45;46;52;52;55;57;60;49;49;52;61;64;62;63;18;21;21;22;22;23;23;25;19;19;20;16;15;18;18;18;16;20;22;23;25;23;23;19;27;27;31;40;45;45;45;46;48;47;47;51;41;46;44;31;33;37;36;54;305;293;293;291;307;305;304;307;296;301;298;297;295;296;291;303;311;332;337;333;349;348;95;104;94;100;123;115;115;116;119;121;128;126;139;153;162;151;157;161;176;169;169;154
"84 Leyenburg";11756;11968;11818;11745;11709;11694;11429;11276;10927;10703;10624;10481;10539;10205;10090;10096;9974;10030;9937;9842;9870;9712;139;171;204;229;232;249;290;358;427;485;524;544;543;544;529;519;499;500;505;508;515;516;35;45;75;98;93;116;116;133;136;174;186;196;206;198;194;205;195;221;237;252;251;246;476;512;574;597;594;649;684;693;724;780;790;780;780;803;820;879;879;888;902;914;933;929;71;84;68;72;89;124;136;135;127;136;135;126;129;136;160;178;164;174;179;185;208;216;208;215;223;223;202;211;207;216;207;217;216;213;213;214;222;224;252;173;186;198;204;286;1841;1803;1741;1677;1603;1538;1482;1444;1379;1347;1311;1315;1256;1211;1173;1193;1150;1309;1279;1280;1273;1228;452;485;499;494;503;503;532;631;693;731;828;899;937;1028;1207;1270;1316;1326;1359;1426;1546;1662
"85 Kerketuinen/Zichtenburg";42;16;18;21;60;94;133;133;168;181;188;14;8;7;8;6;18;32;34;31;29;23;"x";"x";"x";"x";"x";"x";6;6;6;10;17;"x";"-";"x";"x";"x";"x";"x";"x";"x";"x";"x";"x";"x";"x";"x";5;12;18;22;25;43;48;"x";"-";"x";"x";"x";"x";"x";"x";"x";6;5;"x";"x";"x";"x";15;34;47;73;76;83;89;"x";"-";"x";"x";"x";"x";12;9;10;11;8;"x";"x";"x";"x";5;10;19;28;27;54;58;"x";"x";"x";"x";"x";"x";"x";"x";"x";"x";"x";"x";"x";"x";"x";"x";"x";"x";"x";"x";"x";"x";"x";"-";"x";"x";"x";"x";"x";"x";"x";"x";"x";"x";"x";"x";"x";8;17;19;20;19;28;31;"x";"x";"x";"x";"x";5;"x";"x";5;"x";"x";"x";"x";"x";"x";6;12;10;24;52;62;66;30;20;6;7;"x";"x";"x";5;6;5;"x"
"86 Houtwijk";10525;10879;10908;10706;10392;10425;10194;10090;10002;9894;9780;9663;9466;9315;9030;8858;8725;8591;8417;8357;8260;8208;48;91;90;122;152;177;171;193;230;243;284;354;362;391;397;404;415;454;464;447;491;498;85;110;155;163;175;190;210;216;230;257;264;265;277;297;305;331;355;361;397;402;407;430;723;732;729;734;754;754;781;791;826;835;853;849;829;802;797;767;778;796;797;807;799;836;110;110;94;104;106;103;101;107;121;137;157;143;138;151;143;133;147;145;140;135;153;173;114;117;102;96;105;123;134;143;154;149;157;162;155;142;128;127;144;105;116;108;105;144;1219;1198;1175;1180;1129;1116;1079;1047;1020;1002;953;950;953;953;935;895;898;1000;973;959;942;922;592;602;604;616;618;656;680;745;789;832;872;877;905;938;1014;1005;1061;1010;1013;1058;1092;1155
"87 Venen/Oorden/Raden";4963;4777;4617;4501;4326;4050;3782;3645;3424;3329;3231;3038;2797;2706;2763;2759;2729;2633;2550;2438;2366;2291;863;929;984;1001;992;1046;1083;1152;1187;1298;1375;1388;1305;1303;1414;1486;1492;1543;1592;1599;1560;1581;529;560;613;710;765;820;894;912;960;1035;1122;1136;1163;1174;1176;1251;1302;1279;1238;1231;1251;1247;839;840;895;903;892;880;848;855;817;843;861;827;751;707;766;797;843;848;852;850;848;879;147;162;162;170;214;249;315;354;362;368;366;329;288;290;272;339;336;347;330;334;299;294;144;174;174;163;162;161;161;143;128;128;133;125;117;112;108;106;126;66;76;71;83;111;614;568;549;533;496;481;481;458;458;438;417;377;343;344;329;333;342;397;390;376;354;342;592;662;737;901;1001;1097;1147;1160;1195;1276;1308;1282;1192;1182;1249;1262;1309;1396;1446;1465;1523;1570
"88 Morgenstond-West";4660;4327;4431;4319;4078;3970;3966;3792;3663;3544;3126;3052;3072;3033;2941;2894;2847;2795;2751;2762;2771;2758;169;194;221;243;238;230;245;262;304;335;325;354;432;500;535;652;718;793;803;966;1067;1154;194;230;251;254;297;301;311;317;373;402;344;359;397;411;361;343;437;429;443;482;514;570;454;498;542;574;554;578;726;720;704;726;634;618;709;750;815;876;944;1010;1005;1046;1080;1120;80;79;98;107;135;170;166;191;209;210;165;156;167;153;159;145;176;130;132;127;145;132;119;114;119;116;111;113;118;119;132;130;93;82;85;84;84;93;94;59;63;68;65;101;605;571;563;566;525;500;471;436;426;405;359;339;332;335;321;327;322;384;384;376;363;357;314;362;452;579;578;580;618;624;668;702;615;583;592;615;663;649;726;685;694;730;834;853
"89 Morgenstond-Oost";4229;4015;3798;3749;3785;3701;3532;3398;3216;3151;3077;3058;2825;2729;2602;2668;2523;2528;2388;2286;2152;2069;114;116;115;138;178;194;210;193;218;234;275;299;315;357;384;441;492;514;530;521;567;581;92;99;104;106;114;148;188;183;196;242;264;298;292;314;319;322;370;398;428;437;439;452;251;259;272;278;338;360;380;386;398;416;436;460;464;476;477;529;559;585;570;585;594;604;45;64;68;76;91;107;128;132;141;143;147;157;136;140;151;155;177;212;211;221;239;245;80;91;91;100;97;102;110;115;121;125;114;120;118;120;108;113;108;60;65;68;60;117;509;504;486;432;412;395;365;355;342;314;308;299;274;267;264;270;266;334;327;314;277;278;253;263;304;367;452;480;505;533;535;580;616;661;609;671;799;860;944;956;993;1015;1110;1191
"90 Ockenburgh";188;293;333;338;687;754;786;782;711;724;707;710;676;667;704;675;582;646;558;528;510;500;"x";"x";"x";"x";"x";"x";"x";"x";"x";5;5;5;7;8;10;9;9;10;9;8;5;5;"x";"x";"x";"x";"x";6;7;9;7;5;12;12;"x";"x";15;13;12;14;9;8;8;"x";"x";"x";6;8;22;30;23;22;19;20;22;23;20;18;30;30;30;36;28;27;24;29;"x";"x";"x";"x";5;7;6;5;7;5;5;6;12;9;9;9;11;9;10;7;6;6;"x";"x";"x";"x";5;12;10;10;10;9;11;11;11;18;16;15;5;6;"x";"x";9;12;15;36;47;46;100;115;117;102;96;101;104;109;110;120;106;119;97;133;103;101;106;102;5;7;9;12;29;47;48;42;36;35;35;33;36;45;71;64;73;84;82;74;68;56
"91 Kijkduin";1183;1186;1171;1179;1172;1141;1170;1184;1188;1145;1147;1131;1107;1088;1063;1056;1117;1062;1124;1112;1104;1126;"x";"x";"x";"x";"x";"x";"x";"x";"x";"x";"x";5;"x";"x";5;5;7;5;7;6;6;6;"x";"x";"x";"x";"x";"x";"x";"x";"x";"x";"x";"x";"x";"x";"x";"x";"x";"x";"x";"x";5;"x";14;14;18;18;19;17;18;16;12;12;15;12;13;13;13;14;12;13;13;15;16;18;7;5;"x";"x";"x";"x";8;8;10;14;14;13;14;13;14;13;13;13;12;13;13;13;7;11;17;15;11;11;12;12;12;12;14;14;13;13;14;14;18;12;13;16;22;28;203;199;191;184;178;187;191;197;187;185;182;184;185;191;189;189;209;199;207;204;216;233;50;52;56;62;55;56;60;58;53;61;63;68;68;75;82;85;104;68;72;69;75;73
"92 Bohemen/Meer en Bos";3322;3380;3417;3504;3462;3466;3417;3365;3378;3416;3463;3385;3356;3316;3314;3270;3261;3186;3186;3178;3212;3190;9;7;7;9;"x";"x";"x";"x";10;9;6;5;6;7;7;7;10;12;13;18;18;18;"x";"x";"x";"x";12;12;13;"x";"x";"x";"x";"x";5;"x";"x";5;6;"x";6;10;11;12;45;44;43;41;38;40;42;51;56;53;50;54;61;57;60;55;57;59;69;72;74;69;23;21;22;24;26;25;24;27;30;28;27;28;24;26;26;26;26;25;24;26;28;28;27;28;31;30;32;32;39;43;36;41;42;42;42;42;44;45;45;39;38;44;42;58;850;822;808;798;783;778;759;758;750;724;689;671;656;652;637;630;622;670;655;638;670;689;153;151;164;161;160;165;185;203;208;208;217;231;231;245;262;265;275;241;271;283;291;296
"93 Componistenbuurt";1335;1331;1328;1329;1322;1344;1313;1298;1297;1277;1285;1269;1268;1252;1277;1269;1257;1251;1244;1231;1265;1292;"x";"x";"x";"x";"x";"x";"x";"x";"x";"x";"x";"x";5;"x";"x";"x";"x";"x";"x";"x";"x";"x";"x";"x";"x";"x";"x";"x";"x";"x";"x";"x";"x";"x";"x";"x";"x";"x";"x";"x";"x";"x";5;"x";18;16;17;17;15;15;17;20;21;22;23;26;23;24;26;25;24;20;20;21;24;32;8;7;7;7;7;7;7;7;6;8;8;9;10;12;10;10;11;10;13;14;18;18;25;30;29;25;24;22;23;23;24;22;18;23;21;22;22;20;21;17;15;21;21;28;383;377;373;356;331;325;319;321;312;302;301;300;300;286;290;278;279;309;306;304;306;303;67;56;63;65;63;71;69;72;74;76;73;72;73;91;105;112;121;113;117;121;120;117
"94 Waldeck-Noord";2240;2204;2211;2177;2337;2308;2283;2305;2338;2311;2291;2302;2250;2262;2240;2249;2025;2199;2038;2176;2241;2207;5;"x";"x";"x";"x";5;7;7;7;8;6;8;6;7;"x";"x";"x";"x";"x";"x";"x";5;"x";"x";7;11;15;13;10;10;11;12;19;17;14;12;19;16;10;19;14;16;17;15;37;40;32;32;36;38;41;39;40;37;34;36;44;44;43;41;36;48;38;44;42;50;18;15;20;24;23;27;27;25;25;23;20;17;20;21;17;20;13;26;17;17;18;19;14;13;16;16;14;16;15;16;16;24;21;26;32;35;34;37;35;28;30;42;34;44;570;540;530;513;529;528;527;525;519;504;497;488;472;463;477;460;407;457;415;445;420;417;124;117;123;124;124;126;128;119;126;110;118;120;124;137;193;178;187;208;203;212;247;287
"95 Kom Loosduinen";4835;4560;4534;4517;4699;4639;4571;4515;4413;4368;4278;4195;4199;4174;4139;4112;4053;4000;3954;3899;3858;3836;33;28;29;35;30;30;30;35;35;29;29;30;31;34;36;46;40;39;50;48;54;60;11;14;24;31;39;34;42;48;38;37;43;44;45;50;49;54;59;57;59;64;61;63;146;141;157;163;156;136;144;160;156;165;165;161;150;140;147;155;159;154;169;170;178;169;14;12;16;17;25;24;44;47;54;39;37;39;37;39;42;46;44;47;45;45;48;54;32;30;32;28;33;35;33;37;43;38;39;35;32;37;38;44;47;34;39;50;51;80;361;340;328;319;328;325;325;313;316;325;300;304;307;302;311;313;305;329;343;336;336;329;140;159;149;164;165;180;188;204;231;215;207;193;210;221;229;239;306;290;310;331;357;377
"96 Zijden/Steden/Zichten";4408;4785;4791;4660;4462;4241;4086;3965;3752;3529;3363;3199;2978;2820;2701;2650;2565;2514;2478;2379;2370;2261;294;341;375;409;509;594;650;719;797;938;1024;1108;1176;1211;1253;1306;1396;1416;1526;1539;1601;1635;215;262;287;315;353;356;363;384;414;471;571;645;686;782;828;883;942;980;1017;1011;1057;1080;366;526;555;583;601;624;654;647;625;585;564;565;570;578;542;554;600;629;656;663;664;672;49;56;72;80;108;126;180;209;222;259;263;271;273;246;252;261;294;289;296;286;262;242;90;118;117;122;121;118;115;116;113;112;114;117;115;114;108;110;112;77;71;63;72;115;480;506;506;500;474;460;459;449;411;402;384;356;342;324;309;296;297;343;327;320;332;315;356;409;447;513;570;644;695;753;812;852;850;844;869;880;1010;1032;1172;1225;1276;1334;1325;1368
"97 Kraayenstein & Vroondaal";3662;3677;3629;3662;3585;3669;3644;3605;3570;3465;3469;3384;3396;3470;3453;3527;3579;3586;3609;3624;3557;3588;19;23;24;32;34;36;34;32;32;26;25;22;24;38;48;48;48;36;42;52;53;69;11;13;8;16;15;16;21;22;22;18;22;19;27;41;45;36;46;41;41;55;49;55;81;71;80;90;79;100;103;112;117;125;125;127;138;144;157;164;169;175;177;196;201;203;32;23;25;33;39;38;43;41;36;38;44;46;54;60;50;49;62;55;58;56;58;74;17;20;18;30;30;35;38;35;45;52;45;47;47;49;52;57;62;59;62;59;59;72;504;494;457;472;459;472;474;453;447;423;412;413;436;436;423;444;463;508;515;490;519;527;133;141;157;139;148;160;178;179;197;208;208;221;220;245;316;281;312;293;315;327;359;392
"98 Dreven en Gaarden";6720;6699;6088;5851;5652;5160;4797;4695;4532;4340;4065;3912;3882;3924;3860;3933;3822;3757;3641;3561;3439;3290;399;463;504;584;642;654;681;704;779;848;915;990;1092;1167;1261;1384;1405;1509;1591;1642;1725;1760;323;352;391;467;543;578;602;654;745;835;835;894;967;1029;1084;1150;1187;1227;1276;1333;1356;1402;558;619;626;664;654;639;599;629;713;757;765;796;880;988;1026;1125;1168;1239;1289;1273;1255;1285;136;145;163;198;192;221;256;288;393;426;401;375;385;420;422;436;437;449;462;477;485;483;148;158;153;156;156;146;148;151;142;131;108;103;114;122;118;127;120;73;75;83;86;147;768;736;697;662;634;604;562;557;546;517;480;464;444;447;427;448;440;488;496;484;478;474;394;470;562;685;822;859;846;930;984;1048;993;981;998;1032;1166;1211;1310;1379;1500;1568;1699;1838
"99 De Uithof";772;794;796;802;798;820;812;820;808;796;800;796;793;820;846;872;861;859;845;844;850;887;7;8;7;5;"x";"x";"x";"x";"x";"x";"x";"x";"x";"x";"x";"x";"x";"x";"x";5;10;17;"x";"x";"x";"x";"x";"x";"x";"x";"x";"x";"x";"x";"-";"x";"x";"x";"x";"x";"x";"x";"x";"x";"x";"x";"x";"x";"x";"x";"x";"x";"x";"x";"x";"x";"x";"x";"x";"x";"x";"x";"x";9;10;13;"x";"x";"x";"x";"x";"x";"x";"x";"x";"x";"x";"x";"-";"x";"x";"x";"x";"x";"x";"x";"x";"x";5;5;7;8;8;8;8;8;7;7;7;6;6;6;5;5;"x";"x";"x";"x";6;8;70;72;73;70;65;69;71;71;72;72;73;70;69;73;79;83;92;96;100;106;110;109;"x";6;5;"x";5;7;7;7;8;11;11;10;12;16;23;27;28;27;27;28;80;83
"100 Duindorp";5698;5593;5522;5540;5406;5196;5130;5107;4962;4789;4559;4444;4231;4163;4147;4265;4353;4637;4659;4810;4993;5007;16;26;25;16;24;23;22;16;17;18;18;8;6;7;6;14;14;14;16;17;22;18;29;31;40;46;49;50;45;42;42;38;34;38;34;26;33;31;31;31;34;34;32;33;72;77;83;106;93;70;70;68;75;74;68;54;53;54;55;51;57;61;61;75;81;71;44;43;45;52;60;61;56;59;48;48;35;35;35;26;28;27;40;35;42;39;40;45;43;36;39;35;42;36;44;45;44;46;41;35;37;34;35;31;36;38;37;41;56;66;249;245;251;268;257;248;258;257;268;264;237;233;205;209;205;218;241;295;312;328;332;323;145;159;154;181;193;197;205;205;206;215;204;203;197;200;241;255;276;301;332;347;381;375
"101 Erasmus Veld";512;499;495;495;477;445;413;369;340;476;1144;1364;1386;1341;1324;1341;1328;1300;1289;1285;1279;1245;"x";"x";"x";"x";"x";"x";"x";"x";"x";5;47;70;82;84;88;84;86;91;96;101;101;108;"x";"x";"x";"x";"x";"x";"x";"x";"x";"x";14;19;19;23;23;34;39;50;51;47;52;75;5;5;"x";"x";"x";"x";"x";"x";11;42;153;214;225;240;241;209;221;221;219;228;219;225;"x";"x";"x";"x";"x";"x";"x";"x";"x";"x";19;24;28;26;25;29;26;30;35;36;37;34;"x";"x";"x";"x";"x";"x";"x";"x";"x";"x";23;26;28;34;31;26;22;12;13;16;19;25;58;50;52;47;47;48;51;43;36;87;128;153;160;163;165;151;165;181;180;188;186;193;"x";6;5;"x";"x";"x";6;7;7;26;67;61;79;82;101;108;99;103;114;137;145;158
"102 Hoge Veld";453;437;427;416;393;372;309;272;259;263;472;1021;1469;1928;2588;3080;3789;3966;4106;4255;4287;4412;"x";"x";"x";"x";"x";"x";"x";"x";"x";"x";34;119;143;175;238;335;435;519;562;585;616;685;"x";"x";"x";"x";"x";"x";"x";"x";"x";"x";11;21;24;60;203;248;332;332;357;424;442;528;"x";"x";"x";"x";"x";8;"x";13;13;16;52;234;312;426;599;678;788;843;879;945;981;1038;"x";"x";"x";"x";"x";"x";"x";"x";"x";"x";9;18;24;27;47;70;118;119;122;127;118;122;5;6;6;6;"x";"x";"x";"x";"x";"x";7;23;28;32;42;61;81;72;75;80;83;118;14;12;13;12;10;8;9;10;12;15;32;67;107;155;188;246;307;392;413;416;398;394;"x";"x";"x";"x";"x";"x";"x";"x";"x";"x";24;97;128;178;289;363;478;496;550;632;647;712
"103 Parkbuurt Oosteinde";241;221;191;350;1166;1452;2054;2283;2374;2326;2346;2297;2363;2534;2557;2530;2447;2439;2419;2411;2349;2323;"x";"x";"x";"x";19;33;37;44;50;66;80;75;75;83;89;89;93;86;84;84;96;90;"x";"x";"x";11;13;15;17;20;20;20;19;19;16;20;19;19;25;27;28;28;30;29;"x";6;7;38;136;153;255;265;270;255;272;264;272;302;301;307;297;302;300;283;292;288;"x";"x";"x";5;16;16;23;31;32;31;27;20;18;22;27;28;32;31;32;38;32;32;"x";"x";"x";"x";31;38;55;68;74;79;72;72;74;81;84;84;85;80;88;86;85;86;"x";"x";"x";18;120;166;236;262;253;255;258;244;261;285;295;285;285;343;345;345;339;339;"x";"x";"x";12;99;120;169;185;183;189;191;195;206;234;235;221;256;224;237;239;253;272
"104 Lage Veld";"-";"-";"-";"-";24;1640;2490;2779;3087;3131;3105;3063;3002;2936;2814;2734;2671;2633;2577;2513;2435;2385;"-";"-";"-";"-";"x";79;138;158;168;187;223;215;235;260;255;251;263;283;299;329;308;306;"-";"-";"-";"-";"x";35;94;106;124;121;125;139;153;162;168;195;184;189;189;220;252;292;"-";"-";"-";"-";7;288;441;489;556;557;565;564;547;541;533;513;504;503;492;488;497;478;"-";"-";"-";"-";"x";24;55;60;77;76;72;80;93;87;88;92;96;95;96;92;93;94;"-";"-";"-";"-";"x";29;42;45;54;63;60;61;66;63;60;65;68;40;41;39;42;74;"-";"-";"-";"-";"x";111;162;184;214;233;228;221;219;221;218;223;227;258;250;241;248;245;"-";"-";"-";"-";"x";67;129;176;195;235;251;271;283;287;323;326;358;366;376;379;410;423
"105 Zonne Veld";"-";"-";"-";"-";"-";"-";"-";662;1797;2090;2225;2207;2146;2116;2121;2113;2089;2069;2036;1981;1950;1911;"-";"-";"-";"-";"-";"-";"-";73;160;179;195;200;223;238;240;238;253;263;275;275;267;282;"-";"-";"-";"-";"-";"-";"-";21;51;56;55;68;74;81;78;84;81;91;105;117;127;134;"-";"-";"-";"-";"-";"-";"-";182;421;488;484;473;474;463;478;470;474;463;450;444;453;461;"-";"-";"-";"-";"-";"-";"-";20;51;61;64;63;61;54;57;65;67;64;66;66;65;66;"-";"-";"-";"-";"-";"-";"-";12;44;45;43;41;37;34;36;38;43;29;34;36;30;51;"-";"-";"-";"-";"-";"-";"-";48;125;159;165;161;162;161;159;166;168;209;202;190;191;197;"-";"-";"-";"-";"-";"-";"-";38;202;242;266;265;291;306;335;344;330;315;315;336;348;345
"106 Vlietzoom-West";"-";"-";"-";"-";"-";"-";"-";168;167;160;164;159;146;145;146;138;141;143;143;141;152;143;"-";"-";"-";"-";"-";"-";"-";"x";"x";"x";"x";"x";"x";"x";"x";"x";"x";"x";"x";"x";"x";"x";"-";"-";"-";"-";"-";"-";"-";"x";"x";"x";"x";"x";"-";"x";"x";"x";"x";"x";"x";"x";"x";"x";"-";"-";"-";"-";"-";"-";"-";"x";"x";"x";"x";"x";"x";"x";"x";"x";"x";"x";"x";"x";"x";"x";"-";"-";"-";"-";"-";"-";"-";"x";"x";"x";"x";"x";"-";"x";"x";"x";"x";"x";"x";"x";"x";"x";"-";"-";"-";"-";"-";"-";"-";"x";"x";"x";"x";"x";"-";"x";"x";"x";"x";"x";"x";"x";"x";"x";"-";"-";"-";"-";"-";"-";"-";23;27;20;27;32;21;20;20;20;19;20;20;17;16;12;"-";"-";"-";"-";"-";"-";"-";8;8;7;7;6;7;7;"x";8;6;8;"x";7;11;11
"107 Vliegeniersbuurt";"-";"-";"-";"-";"-";"-";"-";"-";"-";"-";"-";"-";"-";"-";"-";"-";"x";"-";"x";"x";"-";"-";"-";"-";"-";"-";"-";"-";"-";"-";"-";"-";"-";"-";"-";"-";"-";"-";"x";"-";"x";"x";"-";"-";"-";"-";"-";"-";"-";"-";"-";"-";"-";"-";"-";"-";"-";"-";"-";"-";"x";"-";"x";"x";"-";"-";"-";"-";"-";"-";"-";"-";"-";"-";"-";"-";"-";"-";"-";"-";"-";"-";"x";"-";"x";"x";"-";"-";"-";"-";"-";"-";"-";"-";"-";"-";"-";"-";"-";"-";"-";"-";"-";"-";"x";"-";"x";"x";"-";"-";"-";"-";"-";"-";"-";"-";"-";"-";"-";"-";"-";"-";"-";"-";"-";"-";"x";"-";"x";"x";"-";"-";"-";"-";"-";"-";"-";"-";"-";"-";"-";"-";"-";"-";"-";"-";"-";"-";"x";"-";"x";"x";"-";"-";"-";"-";"-";"-";"-";"-";"-";"-";"-";"-";"-";"-";"-";"-";"-";"-";"x";"-";"x";"x";"-";"-"
"108 Bosweide";"-";"-";"-";"-";"-";"-";"-";753;1242;1494;1537;1538;1560;1541;1500;1467;1477;1413;1426;1388;1368;1349;"-";"-";"-";"-";"-";"-";"-";"x";5;9;8;8;10;10;11;9;10;8;8;7;10;9;"-";"-";"-";"-";"-";"-";"-";"x";"x";"x";"x";"x";"-";"x";"x";"x";"x";"x";"x";"x";"x";"x";"-";"-";"-";"-";"-";"-";"-";25;49;60;68;70;64;60;66;68;61;66;64;64;64;62;"-";"-";"-";"-";"-";"-";"-";"x";11;12;15;17;17;18;20;22;19;20;19;19;23;21;"-";"-";"-";"-";"-";"-";"-";13;26;26;27;23;24;25;31;34;35;42;44;48;59;55;"-";"-";"-";"-";"-";"-";"-";68;134;189;205;211;233;243;236;240;264;279;308;314;316;319;"-";"-";"-";"-";"-";"-";"-";60;110;161;160;192;219;221;224;233;252;216;213;231;238;251
"109 Tedingerbroek";"-";"-";"-";"-";"-";"-";"-";"-";"-";"-";"-";"-";"-";"-";"-";"-";"-";"-";"-";"-";"-";"-";"-";"-";"-";"-";"-";"-";"-";"-";"-";"-";"-";"-";"-";"-";"-";"-";"-";"-";"-";"-";"-";"-";"-";"-";"-";"-";"-";"-";"-";"-";"-";"-";"-";"-";"-";"-";"-";"-";"-";"-";"-";"-";"-";"-";"-";"-";"-";"-";"-";"-";"-";"-";"-";"-";"-";"-";"-";"-";"-";"-";"-";"-";"-";"-";"-";"-";"-";"-";"-";"-";"-";"-";"-";"-";"-";"-";"-";"-";"-";"-";"-";"-";"-";"-";"-";"-";"-";"-";"-";"-";"-";"-";"-";"-";"-";"-";"-";"-";"-";"-";"-";"-";"-";"-";"-";"-";"-";"-";"-";"-";"-";"-";"-";"-";"-";"-";"-";"-";"-";"-";"-";"-";"-";"-";"-";"-";"-";"-";"-";"-";"-";"-";"-";"-";"-";"-";"-";"-";"-";"-";"-";"-";"-";"-";"-";"-";"-";"-";"-";"-";"-";"-";"-";"-"
"110 De Reef";"-";"-";"-";"-";"-";"-";"-";"-";"-";"-";"-";"-";"-";"-";"-";"-";"-";"-";"-";"-";"x";"-";"-";"-";"-";"-";"-";"-";"-";"-";"-";"-";"-";"-";"-";"-";"-";"-";"-";"-";"-";"-";"x";"-";"-";"-";"-";"-";"-";"-";"-";"-";"-";"-";"-";"-";"-";"-";"-";"-";"-";"-";"-";"-";"x";"-";"-";"-";"-";"-";"-";"-";"-";"-";"-";"-";"-";"-";"-";"-";"-";"-";"-";"-";"-";"-";"x";"-";"-";"-";"-";"-";"-";"-";"-";"-";"-";"-";"-";"-";"-";"-";"-";"-";"-";"-";"-";"-";"x";"-";"-";"-";"-";"-";"-";"-";"-";"-";"-";"-";"-";"-";"-";"-";"-";"-";"-";"-";"-";"-";"x";"-";"-";"-";"-";"-";"-";"-";"-";"-";"-";"-";"-";"-";"-";"-";"-";"-";"-";"-";"-";"-";"x";"-";"-";"-";"-";"-";"-";"-";"-";"-";"-";"-";"-";"-";"-";"-";"-";"-";"-";"-";"-";"-";"x";"-"
"111 De Venen";"-";"-";"-";"-";"-";"-";"-";"-";"-";"-";"-";"-";"-";"-";"-";50;250;395;446;726;801;794;"-";"-";"-";"-";"-";"-";"-";"-";"-";"-";"-";"-";"-";"-";"-";20;34;52;46;83;85;97;"-";"-";"-";"-";"-";"-";"-";"-";"-";"-";"-";"-";"-";"-";"-";"x";15;20;21;59;68;76;"-";"-";"-";"-";"-";"-";"-";"-";"-";"-";"-";"-";"-";"-";"-";13;69;118;126;191;232;240;"-";"-";"-";"-";"-";"-";"-";"-";"-";"-";"-";"-";"-";"-";"-";5;22;24;22;44;44;45;"-";"-";"-";"-";"-";"-";"-";"-";"-";"-";"-";"-";"-";"-";"-";7;13;14;18;29;25;35;"-";"-";"-";"-";"-";"-";"-";"-";"-";"-";"-";"-";"-";"-";"-";"x";16;50;56;97;99;100;"-";"-";"-";"-";"-";"-";"-";"-";"-";"-";"-";"-";"-";"-";"-";"x";58;99;105;173;206;221
"112 Morgenweide";"-";"-";"-";"-";"-";"-";"-";1611;2599;3802;4064;4147;4367;4438;4335;4270;4081;4223;4030;4003;3982;3925;"-";"-";"-";"-";"-";"-";"-";26;76;166;197;213;233;244;250;274;285;285;273;295;317;317;"-";"-";"-";"-";"-";"-";"-";"x";10;68;74;86;100;111;115;122;135;181;210;229;236;247;"-";"-";"-";"-";"-";"-";"-";204;401;608;709;713;768;787;790;794;785;778;772;755;742;765;"-";"-";"-";"-";"-";"-";"-";33;83;140;144;144;152;151;156;168;182;183;153;160;152;148;"-";"-";"-";"-";"-";"-";"-";22;38;66;69;85;106;116;113;122;122;92;84;93;89;156;"-";"-";"-";"-";"-";"-";"-";132;224;371;392;405;441;465;469;478;463;595;558;547;556;539;"-";"-";"-";"-";"-";"-";"-";99;228;394;448;497;566;644;752;791;843;904;939;1000;1057;1062
"113 Singels";"-";"-";"-";"-";"-";"-";"-";3445;3246;3268;3289;3306;3306;3363;3291;3198;3524;3166;3479;3451;3426;3368;"-";"-";"-";"-";"-";"-";"-";93;104;115;124;107;104;112;127;165;172;176;191;195;184;192;"-";"-";"-";"-";"-";"-";"-";23;32;39;40;41;39;43;45;61;89;94;112;118;117;126;"-";"-";"-";"-";"-";"-";"-";566;588;620;635;638;618;636;615;609;678;623;692;706;724;725;"-";"-";"-";"-";"-";"-";"-";53;57;55;65;65;61;69;78;80;101;115;111;114;89;89;"-";"-";"-";"-";"-";"-";"-";39;41;47;52;52;62;65;67;73;96;53;57;54;55;98;"-";"-";"-";"-";"-";"-";"-";345;345;347;348;356;356;344;334;334;380;375;424;427;416;433;"-";"-";"-";"-";"-";"-";"-";244;261;269;296;303;308;322;348;406;505;449;566;588;645;633
"114 Waterbuurt";"-";"-";"-";"-";"-";"-";"-";504;1903;2310;2641;2700;2620;2788;2990;2963;2669;2917;2696;2664;2675;2622;"-";"-";"-";"-";"-";"-";"-";13;75;95;109;126;130;148;162;173;193;207;213;226;243;233;"-";"-";"-";"-";"-";"-";"-";5;33;49;48;56;64;81;115;132;140;152;174;182;187;183;"-";"-";"-";"-";"-";"-";"-";74;360;463;520;539;570;559;609;589;550;588;542;551;555;550;"-";"-";"-";"-";"-";"-";"-";16;71;94;94;104;103;111;119;114;110;124;111;118;110;110;"-";"-";"-";"-";"-";"-";"-";10;48;53;62;59;71;85;108;108;104;79;80;74;75;123;"-";"-";"-";"-";"-";"-";"-";79;210;259;295;305;289;310;304;303;274;350;313;330;336;329;"-";"-";"-";"-";"-";"-";"-";39;178;263;331;344;380;438;492;540;526;598;567;600;616;567
"115 De Bras";"-";"-";"-";"-";"-";"-";"-";96;203;1195;1695;2063;2605;3099;3656;4005;4076;4141;4152;4137;4127;4131;"-";"-";"-";"-";"-";"-";"-";"x";"x";15;28;47;77;91;103;147;157;154;166;169;174;178;"-";"-";"-";"-";"-";"-";"-";"x";"x";24;25;31;33;51;72;77;96;111;112;123;129;131;"-";"-";"-";"-";"-";"-";"-";"x";18;115;168;216;306;348;380;412;407;389;392;396;397;402;"-";"-";"-";"-";"-";"-";"-";"x";"x";37;40;53;61;66;72;85;84;72;70;70;82;78;"-";"-";"-";"-";"-";"-";"-";"x";"x";32;43;48;63;71;85;87;95;70;66;65;72;94;"-";"-";"-";"-";"-";"-";"-";7;16;105;161;211;290;315;356;400;422;481;480;475;484;478;"-";"-";"-";"-";"-";"-";"-";"x";5;90;132;173;241;301;372;405;420;414;420;424;442;433
"116 Vlietzoom-Oost";"-";"-";"-";"-";"-";"-";"-";120;125;149;132;135;127;123;123;124;117;115;114;110;107;104;"-";"-";"-";"-";"-";"-";"-";"x";"x";"x";"x";"x";"-";"x";"x";"x";"x";"x";"x";"x";"x";"x";"-";"-";"-";"-";"-";"-";"-";"x";"x";"x";"x";"x";"-";"x";"x";"x";"x";"x";"x";"x";"x";"x";"-";"-";"-";"-";"-";"-";"-";"x";"x";"x";"x";"x";"x";"x";"x";5;"x";"x";"x";"x";"x";"x";"-";"-";"-";"-";"-";"-";"-";"x";"x";"x";"x";"x";"x";"x";"x";"x";"x";"x";"x";"x";"x";"x";"-";"-";"-";"-";"-";"-";"-";"x";"x";"x";"x";"x";"-";"x";"x";"x";"x";"x";"x";"x";"x";"x";"-";"-";"-";"-";"-";"-";"-";7;6;12;13;11;8;10;9;11;11;15;14;12;14;12;"-";"-";"-";"-";"-";"-";"-";"x";"x";"x";"x";"x";"x";"x";"x";5;8;6;6;6;"x";"x"
"117 De Rivieren";"-";"-";"-";"-";"-";"-";"-";20;31;32;36;31;31;30;27;26;26;26;26;27;28;26;"-";"-";"-";"-";"-";"-";"-";"x";"x";"x";"x";"x";"-";"x";"x";"x";"x";"x";"x";"x";"x";"x";"-";"-";"-";"-";"-";"-";"-";"x";"x";"x";"x";"x";"-";"x";"x";"x";"x";"x";"x";"x";"x";"x";"-";"-";"-";"-";"-";"-";"-";"x";"x";"x";"x";"x";"-";"x";"x";"x";"x";"x";"x";"x";"x";"x";"-";"-";"-";"-";"-";"-";"-";"x";"x";"x";"x";"x";"-";"x";"x";"x";"x";"x";"x";"x";"x";"x";"-";"-";"-";"-";"-";"-";"-";"x";"x";"x";"x";"x";"-";"x";"x";"x";"x";"x";"x";"x";"x";"x";"-";"-";"-";"-";"-";"-";"-";"x";"x";"x";"x";"x";"-";"x";"x";"x";"x";"x";"x";"x";"x";"x";"-";"-";"-";"-";"-";"-";"-";"x";"x";"x";"x";"x";"-";"x";"x";"x";"x";"x";"x";"x";"x";"x"
"118 De Lanen";"-";"-";"-";"-";"-";"-";"-";104;115;191;666;1619;1886;2491;2848;3115;3185;3214;3197;3153;3127;3057;"-";"-";"-";"-";"-";"-";"-";"x";"x";"x";29;85;100;140;151;156;173;184;181;183;188;199;"-";"-";"-";"-";"-";"-";"-";"x";"x";9;30;49;53;77;87;94;112;120;125;132;147;162;"-";"-";"-";"-";"-";"-";"-";"x";"x";17;128;307;375;512;600;664;684;679;678;674;680;662;"-";"-";"-";"-";"-";"-";"-";"x";"x";6;56;68;67;92;108;133;142;127;133;135;135;141;"-";"-";"-";"-";"-";"-";"-";"x";"x";6;22;41;38;60;65;66;76;67;60;59;62;75;"-";"-";"-";"-";"-";"-";"-";7;8;13;53;135;165;197;218;248;261;321;330;327;328;334;"-";"-";"-";"-";"-";"-";"-";7;9;22;74;179;197;231;321;374;411;383;433;479;547;607
"119 De Velden";"-";"-";"-";"-";"-";"-";"-";912;2125;2271;2284;2317;2482;2616;2703;2808;2786;2788;2817;2755;2702;2643;"-";"-";"-";"-";"-";"-";"-";24;88;102;109;108;111;115;128;138;141;145;147;147;152;149;"-";"-";"-";"-";"-";"-";"-";9;68;67;67;75;76;73;74;82;87;90;104;114;139;143;"-";"-";"-";"-";"-";"-";"-";122;408;438;453;444;443;455;475;480;489;482;464;466;460;452;"-";"-";"-";"-";"-";"-";"-";8;38;43;43;45;49;46;53;58;61;64;57;54;57;56;"-";"-";"-";"-";"-";"-";"-";15;27;27;25;29;32;37;33;43;41;44;50;55;53;70;"-";"-";"-";"-";"-";"-";"-";76;180;204;214;214;226;239;242;276;275;336;338;332;343;336;"-";"-";"-";"-";"-";"-";"-";41;171;186;199;211;226;243;301;345;393;358;366;390;405;417
"120 De Vissen";"-";"-";"-";"-";"-";"-";"-";3943;4733;5266;5453;5403;5503;5448;5396;5399;5589;5598;5526;5454;5427;5417;"-";"-";"-";"-";"-";"-";"-";57;79;97;95;109;126;140;144;146;171;173;167;164;166;172;"-";"-";"-";"-";"-";"-";"-";101;111;119;127;132;168;176;196;218;235;258;267;268;293;304;"-";"-";"-";"-";"-";"-";"-";584;708;814;968;981;1013;979;962;984;996;1011;1015;1023;981;981;"-";"-";"-";"-";"-";"-";"-";116;124;121;134;140;143;135;130;133;127;122;135;137;120;126;"-";"-";"-";"-";"-";"-";"-";68;76;84;96;100;107;104;105;106;105;75;78;72;77;107;"-";"-";"-";"-";"-";"-";"-";360;454;503;544;561;566;554;539;532;563;671;664;652;649;627;"-";"-";"-";"-";"-";"-";"-";356;451;486;544;572;603;649;697;743;809;754;769;800;861;817
"121 Rietbuurt";"-";"-";"-";"-";"-";"-";"-";63;62;59;57;60;61;69;75;354;1104;1360;1472;1529;1555;1542;"-";"-";"-";"-";"-";"-";"-";"x";"x";"x";"x";"x";"-";"x";"x";5;87;103;108;107;96;100;"-";"-";"-";"-";"-";"-";"-";"x";"x";"x";"x";"x";"-";"x";"x";9;109;144;151;156;161;168;"-";"-";"-";"-";"-";"-";"-";"x";"x";"x";"x";"x";"-";"x";"x";22;235;297;329;327;334;343;"-";"-";"-";"-";"-";"-";"-";"x";"x";"x";"x";"x";"-";"x";"x";"x";57;59;64;66;62;65;"-";"-";"-";"-";"-";"-";"-";"x";"x";"x";"x";"x";"-";"x";"x";"x";22;19;23;22;30;41;"-";"-";"-";"-";"-";"-";"-";"x";"x";"x";"x";"x";"x";"x";"x";19;81;124;137;144;150;158;"-";"-";"-";"-";"-";"-";"-";"x";"x";"x";"x";"x";"-";"x";"x";27;184;205;233;244;261;252
"Onbekend";1634;11;"x";"-";"-";"-";"-";"-";"-";"-";"-";"-";"-";"-";"-";"-";"-";"-";"-";"-";"-";"-";94;18;"x";"-";"-";"-";"-";"-";"-";"-";"-";"-";"-";"-";"-";"-";"-";"-";"-";"-";"-";"-";56;12;"x";"-";"-";"-";"-";"-";"-";"-";"-";"-";"-";"-";"-";"-";"-";"-";"-";"-";"-";"-";127;8;"x";"-";"-";"-";"-";"-";"-";"-";"-";"-";"-";"-";"-";"-";"-";"-";"-";"-";"-";"-";32;"x";"x";"-";"-";"-";"-";"-";"-";"-";"-";"-";"-";"-";"-";"-";"-";"-";"-";"-";"-";"-";26;"x";"x";"-";"-";"-";"-";"-";"-";"-";"-";"-";"-";"-";"-";"-";"-";"-";"-";"-";"-";"-";305;15;"x";"-";"-";"-";"-";"-";"-";"-";"-";"-";"-";"-";"-";"-";"-";"-";"-";"-";"-";"-";113;23;12;"-";"-";"-";"-";"-";"-";"-";"-";"-";"-";"-";"-";"-";"-";"-";"-";"-";"-";"-"
