"Buurten";"Aantal vestigingen landbouw, bosbouw en visserij|2015";"Aantal vestigingen landbouw, bosbouw en visserij|2016";"Aantal vestigingen landbouw, bosbouw en visserij|2017";"Aantal vestigingen landbouw, bosbouw en visserij|2018";"Aantal vestigingen landbouw, bosbouw en visserij|2019";"Aantal vestigingen winning van delfstoffen|2015";"Aantal vestigingen winning van delfstoffen|2016";"Aantal vestigingen winning van delfstoffen|2017";"Aantal vestigingen winning van delfstoffen|2018";"Aantal vestigingen winning van delfstoffen|2019";"Aantal vestigingen industrie|2015";"Aantal vestigingen industrie|2016";"Aantal vestigingen industrie|2017";"Aantal vestigingen industrie|2018";"Aantal vestigingen industrie|2019";"Aantal vestigingen productie, distributie en handel in elektriciteit en aardgas|2015";"Aantal vestigingen productie, distributie en handel in elektriciteit en aardgas|2016";"Aantal vestigingen productie, distributie en handel in elektriciteit en aardgas|2017";"Aantal vestigingen productie, distributie en handel in elektriciteit en aardgas|2018";"Aantal vestigingen productie, distributie en handel in elektriciteit en aardgas|2019";"Aantal vestigingen winning/ distributie van water; afval(water)beheer, sanering|2015";"Aantal vestigingen winning/ distributie van water; afval(water)beheer, sanering|2016";"Aantal vestigingen winning/ distributie van water; afval(water)beheer, sanering|2017";"Aantal vestigingen winning/ distributie van water; afval(water)beheer, sanering|2018";"Aantal vestigingen winning/ distributie van water; afval(water)beheer, sanering|2019";"Aantal vestigingen bouwnijverheid|2015";"Aantal vestigingen bouwnijverheid|2016";"Aantal vestigingen bouwnijverheid|2017";"Aantal vestigingen bouwnijverheid|2018";"Aantal vestigingen bouwnijverheid|2019";"Aantal vestigingen groot- en detailhandel; reparatie van auto's|2015";"Aantal vestigingen groot- en detailhandel; reparatie van auto's|2016";"Aantal vestigingen groot- en detailhandel; reparatie van auto's|2017";"Aantal vestigingen groot- en detailhandel; reparatie van auto's|2018";"Aantal vestigingen groot- en detailhandel; reparatie van auto's|2019";"Aantal vestigingen vervoer en opslag|2015";"Aantal vestigingen vervoer en opslag|2016";"Aantal vestigingen vervoer en opslag|2017";"Aantal vestigingen vervoer en opslag|2018";"Aantal vestigingen vervoer en opslag|2019";"Aantal vestigingen logies-, maaltijd- en drankverstrekking|2015";"Aantal vestigingen logies-, maaltijd- en drankverstrekking|2016";"Aantal vestigingen logies-, maaltijd- en drankverstrekking|2017";"Aantal vestigingen logies-, maaltijd- en drankverstrekking|2018";"Aantal vestigingen logies-, maaltijd- en drankverstrekking|2019";"Aantal vestigingen informatie en communicatie|2015";"Aantal vestigingen informatie en communicatie|2016";"Aantal vestigingen informatie en communicatie|2017";"Aantal vestigingen informatie en communicatie|2018";"Aantal vestigingen informatie en communicatie|2019";"Aantal vestigingen financi%le instellingen|2015";"Aantal vestigingen financi%le instellingen|2016";"Aantal vestigingen financi%le instellingen|2017";"Aantal vestigingen financi%le instellingen|2018";"Aantal vestigingen financi%le instellingen|2019";"Aantal vestigingen verhuur van en handel in onroerend goed|2015";"Aantal vestigingen verhuur van en handel in onroerend goed|2016";"Aantal vestigingen verhuur van en handel in onroerend goed|2017";"Aantal vestigingen verhuur van en handel in onroerend goed|2018";"Aantal vestigingen verhuur van en handel in onroerend goed|2019";"Aantal vestigingen advisering, onderzoek, special. zakelijke dienstverlening|2015";"Aantal vestigingen advisering, onderzoek, special. zakelijke dienstverlening|2016";"Aantal vestigingen advisering, onderzoek, special. zakelijke dienstverlening|2017";"Aantal vestigingen advisering, onderzoek, special. zakelijke dienstverlening|2018";"Aantal vestigingen advisering, onderzoek, special. zakelijke dienstverlening|2019";"Aantal vestigingen verhuur van roerende goederen, overige zakelijke dienstverlening|2015";"Aantal vestigingen verhuur van roerende goederen, overige zakelijke dienstverlening|2016";"Aantal vestigingen verhuur van roerende goederen, overige zakelijke dienstverlening|2017";"Aantal vestigingen verhuur van roerende goederen, overige zakelijke dienstverlening|2018";"Aantal vestigingen verhuur van roerende goederen, overige zakelijke dienstverlening|2019";"Aantal vestigingen openbaar bestuur, overheidsdiensten, sociale verzekeringen|2015";"Aantal vestigingen openbaar bestuur, overheidsdiensten, sociale verzekeringen|2016";"Aantal vestigingen openbaar bestuur, overheidsdiensten, sociale verzekeringen|2017";"Aantal vestigingen openbaar bestuur, overheidsdiensten, sociale verzekeringen|2018";"Aantal vestigingen openbaar bestuur, overheidsdiensten, sociale verzekeringen|2019";"Aantal vestigingen onderwijs|2015";"Aantal vestigingen onderwijs|2016";"Aantal vestigingen onderwijs|2017";"Aantal vestigingen onderwijs|2018";"Aantal vestigingen onderwijs|2019";"Aantal vestigingen gezondheids- en welzijnszorg|2015";"Aantal vestigingen gezondheids- en welzijnszorg|2016";"Aantal vestigingen gezondheids- en welzijnszorg|2017";"Aantal vestigingen gezondheids- en welzijnszorg|2018";"Aantal vestigingen gezondheids- en welzijnszorg|2019";"Aantal vestigingen cultuur, sport en recreatie|2015";"Aantal vestigingen cultuur, sport en recreatie|2016";"Aantal vestigingen cultuur, sport en recreatie|2017";"Aantal vestigingen cultuur, sport en recreatie|2018";"Aantal vestigingen cultuur, sport en recreatie|2019";"Aantal vestigingen overige dienstverlening|2015";"Aantal vestigingen overige dienstverlening|2016";"Aantal vestigingen overige dienstverlening|2017";"Aantal vestigingen overige dienstverlening|2018";"Aantal vestigingen overige dienstverlening|2019";"Aantal vestigingen extraterritoriale organisaties en lichamen|2015";"Aantal vestigingen extraterritoriale organisaties en lichamen|2016";"Aantal vestigingen extraterritoriale organisaties en lichamen|2017";"Aantal vestigingen extraterritoriale organisaties en lichamen|2018";"Aantal vestigingen extraterritoriale organisaties en lichamen|2019"
"01 Oud Scheveningen";0;0;0;0;0;0;0;0;0;0;13;13;12;10;12;0;0;0;0;0;1;2;2;1;1;32;33;33;37;46;46;42;44;40;40;4;5;5;8;7;17;17;16;17;20;17;18;20;23;25;5;5;4;4;5;7;6;6;5;5;86;88;87;95;97;11;14;12;18;19;3;3;1;1;1;19;27;24;26;24;18;18;22;32;35;28;33;37;37;34;14;16;16;14;18;0;0;0;0;0
"02 Vissershaven";9;7;7;7;6;1;1;1;2;1;22;23;22;22;22;0;0;0;0;0;0;0;0;0;0;53;63;62;58;64;106;109;112;107;119;12;13;18;18;19;45;48;40;44;39;29;35;35;38;38;11;12;9;9;10;24;23;24;23;22;108;123;121;131;153;28;29;29;32;34;2;2;2;2;2;18;20;22;19;35;24;29;33;37;43;38;41;44;43;41;18;20;19;24;22;0;0;0;0;0
"03 Scheveningen Badplaats";3;2;2;2;2;0;0;0;0;0;13;9;12;9;10;0;0;1;1;1;0;0;0;0;0;61;58;60;69;71;70;77;71;72;67;11;9;9;11;12;99;97;102;109;113;44;52;53;52;55;4;4;4;4;3;16;13;14;18;17;177;168;174;203;217;28;33;34;31;37;1;1;1;1;2;37;50;57;57;57;45;49;54;51;56;73;67;74;80;79;39;35;35;33;34;0;0;0;0;0
"04 Visserijbuurt";2;2;2;2;2;0;0;0;0;0;15;14;13;12;11;0;0;0;0;0;1;2;2;3;3;37;41;44;47;47;65;66;70;67;69;1;1;1;4;6;18;20;20;20;20;20;19;23;17;18;3;3;4;4;4;5;8;6;8;7;78;86;87;94;104;22;24;23;24;18;6;6;6;6;6;22;27;28;26;31;47;49;50;49;50;39;45;42;46;51;24;26;27;27;28;0;0;0;0;0
"05 v Stolkpark/Schev Bosjes";0;0;0;0;0;0;0;0;0;0;0;1;1;1;1;1;1;1;0;0;0;0;0;0;0;2;2;2;1;1;11;11;9;6;7;0;0;0;0;0;3;3;4;4;5;11;10;10;11;11;1;1;1;2;2;6;6;5;2;2;33;36;40;38;34;6;4;5;6;6;0;0;0;0;0;8;9;9;8;7;13;14;16;16;16;6;8;10;8;12;6;6;6;6;7;7;7;7;7;7
"06 Waldeck-Zuid";3;3;3;2;2;0;0;0;0;0;3;3;3;3;3;0;0;0;0;0;0;0;0;0;0;15;15;19;20;22;6;7;7;7;11;2;2;3;3;3;1;1;2;1;0;5;5;5;7;9;1;1;1;1;1;1;1;1;2;2;10;12;12;10;13;5;4;5;2;3;1;1;1;1;1;4;4;3;2;2;6;8;10;10;11;3;4;6;5;5;4;5;5;5;4;0;0;0;0;0
"07 Statenkwartier";3;2;1;1;1;1;1;1;1;1;24;25;24;24;24;1;1;1;1;1;0;0;0;0;0;37;40;42;49;40;183;186;191;182;184;6;5;7;6;9;44;46;42;47;49;66;72;83;85;96;29;28;27;24;25;33;33;34;36;34;432;439;460;454;470;43;37;43;38;35;2;1;0;0;0;55;56;59;74;71;168;174;168;188;179;92;96;102;103;121;48;45;46;44;46;5;5;5;5;5
"08 Geuzenkwartier";3;3;3;4;3;0;0;0;0;0;6;8;9;8;8;0;0;0;0;0;0;0;0;0;0;45;45;46;58;70;30;32;33;37;35;4;4;6;4;4;10;10;10;11;11;24;21;24;30;28;0;1;1;1;1;5;8;7;5;7;85;94;88;92;91;19;20;24;21;15;0;0;0;0;0;24;27;30;35;32;35;32;32;34;35;31;35;38;49;43;16;19;21;22;17;0;0;0;0;0
"09 Vogelwijk";1;0;0;0;0;0;0;0;0;0;4;4;4;3;6;0;0;0;0;0;1;1;1;1;1;18;15;18;18;17;42;41;39;42;49;2;3;3;3;3;8;11;11;14;18;27;31;30;35;40;10;8;8;8;9;16;14;14;12;17;188;194;195;214;229;20;19;19;21;23;1;1;0;0;0;41;38;38;43;48;76;82;84;87;89;21;22;27;25;28;13;13;13;16;18;0;0;0;0;0
"10 Rond de Energiecentrale";9;10;9;10;17;0;0;0;0;0;17;18;16;17;20;1;0;0;0;0;0;0;0;1;2;91;93;90;108;126;71;73;76;84;92;9;9;13;15;22;23;27;29;25;26;34;33;39;40;42;4;3;2;2;3;7;7;6;4;6;124;140;142;152;161;43;37;36;37;39;6;6;6;6;6;24;22;26;34;34;62;68;74;80;91;84;91;105;108;105;32;29;34;30;32;0;0;0;0;0
"11 Kortenbos";14;9;7;5;5;1;0;0;0;0;30;28;28;29;32;0;0;0;0;0;0;0;0;0;1;42;42;41;45;60;243;231;233;230;233;12;10;9;9;15;116;117;133;139;141;67;62;62;68;77;7;7;8;4;5;15;10;11;14;14;252;242;239;225;243;35;36;33;31;42;4;4;4;4;4;33;34;49;50;57;101;103;100;96;98;144;147;146;145;162;78;76;74;79;84;0;0;0;0;0
"12 Voorhout";0;0;0;0;0;1;1;2;2;4;28;28;29;27;26;0;0;0;1;1;0;0;0;0;1;17;14;22;20;31;261;259;260;265;259;5;5;3;4;7;157;156;153;153;150;56;57;67;73;80;29;30;28;22;22;30;29;31;32;30;248;251;260;275;293;38;42;42;47;49;17;19;18;19;20;29;29;26;31;36;39;44;51;54;70;66;64;67;86;96;76;74;78;76;81;22;22;21;22;21
"13 Uilebomen";0;0;0;0;0;0;0;0;0;0;6;6;5;4;3;0;0;0;0;0;1;0;0;0;0;7;5;6;6;14;73;74;70;68;70;9;8;9;9;12;48;48;53;61;65;19;20;28;26;28;4;4;4;4;4;4;2;4;3;3;78;86;87;95;102;14;13;13;12;12;26;25;28;29;29;13;14;21;24;27;22;27;25;24;31;35;38;41;38;44;29;25;25;29;30;1;1;2;2;2
"14 Zuidwal";1;2;3;1;3;0;0;0;0;0;26;26;25;25;21;0;0;0;0;1;0;0;1;1;0;58;54;56;58;65;306;276;270;270;272;9;8;8;15;25;121;121;129;132;137;70;72;68;81;82;9;8;7;7;7;14;15;14;12;11;220;209;224;238;259;31;31;33;34;32;4;4;4;5;4;41;49;53;67;74;59;61;64;75;80;169;168;184;189;196;137;130;137;141;140;1;1;1;1;1
"15 Schildersbuurt-West";117;124;119;138;153;0;0;0;0;0;24;23;23;21;23;0;0;0;0;0;1;5;6;6;6;198;214;245;301;417;129;119;115;118;118;24;25;37;41;45;48;45;49;45;50;17;14;16;23;27;6;6;6;5;4;6;6;4;4;3;38;45;53;58;57;72;61;63;68;70;2;2;2;2;2;35;37;41;39;43;56;59;66;84;112;32;31;37;40;43;49;46;41;45;38;0;0;0;0;0
"16 Schildersbuurt-Noord";51;57;52;54;57;0;0;0;0;0;8;8;8;12;12;0;0;0;0;0;1;2;2;2;3;78;88;96;139;173;75;65;68;74;65;14;16;22;30;32;35;34;33;32;33;23;21;21;20;21;0;0;0;0;0;1;3;3;5;4;55;61;66;62;66;35;35;33;37;45;5;5;5;4;4;20;18;24;30;27;52;58;65;78;93;43;46;51;57;67;28;24;26;26;27;0;0;0;0;0
"17 Schildersbuurt-Oost";39;37;37;43;44;0;0;0;0;0;7;8;8;10;11;0;0;0;0;0;1;4;1;4;2;65;76;83;108;132;53;55;48;48;43;18;22;16;19;22;16;15;15;11;12;11;13;13;12;8;0;0;0;0;2;1;0;0;0;1;24;24;26;22;23;26;25;24;26;31;1;1;1;1;1;19;20;19;16;14;20;23;29;39;49;23;22;23;24;29;23;20;17;19;20;0;0;0;0;0
"18 Huygenspark";14;15;12;10;9;0;0;0;0;0;18;19;18;19;19;0;0;0;0;0;0;0;0;0;0;38;35;38;43;59;72;72;72;68;67;13;12;12;18;21;55;54;51;55;54;47;39;41;41;40;5;6;6;4;3;2;2;3;2;1;114;132;139;129;138;19;20;26;28;27;0;0;0;0;0;22;25;27;31;31;34;42;42;42;56;69;67;73;83;87;31;27;27;29;39;0;0;0;0;0
"19 Laakhaven-Oost";5;5;7;5;7;0;0;0;0;1;7;8;7;6;9;0;0;0;1;0;2;1;0;0;0;26;27;31;38;47;49;45;47;47;49;8;8;9;12;12;8;10;10;10;9;33;34;29;30;27;2;1;1;1;1;4;3;3;3;4;39;42;49;51;47;12;13;13;14;14;2;2;3;3;3;7;11;13;13;12;25;23;23;31;35;13;11;10;12;11;7;11;13;16;17;0;0;0;0;0
"20 Moerwijk-Oost";15;17;19;17;19;0;0;0;0;0;0;1;3;3;2;0;0;0;0;0;0;0;1;1;1;36;40;61;66;79;31;28;27;29;28;9;11;14;16;22;8;7;9;8;7;8;9;12;11;6;2;2;2;2;2;2;2;1;1;2;23;26;24;27;31;18;24;19;25;20;1;1;1;1;1;12;9;10;7;10;16;18;18;20;27;6;7;6;4;1;14;13;13;16;16;0;0;0;0;0
"21 Groente- en Fruitmarkt";76;78;89;92;104;0;0;0;0;0;19;17;18;25;23;0;0;0;0;0;0;0;1;0;0;121;145;161;197;244;124;122;121;127;134;21;25;32;33;36;18;14;15;16;15;14;13;16;20;23;4;2;3;4;1;12;9;9;9;11;43;47;46;51;54;85;78;79;87;87;2;2;2;2;2;18;17;14;19;19;19;19;24;24;41;4;7;6;8;8;21;22;23;19;16;0;0;0;0;0
"22 Laakhaven-West";26;23;22;23;22;0;0;0;0;0;12;15;12;15;15;0;0;0;0;0;2;3;3;3;4;109;112;115;138;151;122;121;136;143;136;9;11;18;20;28;15;12;12;17;19;27;22;23;27;35;2;2;2;1;2;4;4;5;5;7;50;52;66;84;108;31;28;29;32;43;11;11;11;11;11;13;11;13;20;25;29;33;37;54;70;13;15;20;27;29;10;6;10;12;14;0;0;0;0;0
"23 Spoorwijk";12;12;11;17;19;1;1;1;0;0;4;4;5;4;4;0;0;0;0;0;0;0;0;0;0;57;75;77;90;99;15;24;21;23;24;7;8;14;16;16;3;3;5;6;6;12;13;14;15;13;2;2;2;2;2;3;4;4;3;3;17;18;14;17;18;10;9;12;15;20;1;1;1;1;1;9;9;9;11;11;24;23;20;23;33;4;3;5;4;4;7;6;4;8;6;0;0;0;0;0
"24 Laakkwartier-West";43;39;41;47;57;0;0;0;0;0;15;19;20;21;22;0;0;0;0;0;0;0;1;1;2;269;316;341;403;485;97;103;104;111;98;11;10;18;29;35;27;22;24;26;30;21;19;23;21;19;0;0;0;0;0;3;3;2;3;2;59;50;59;57;54;47;52;49;50;47;0;0;0;0;0;19;20;31;29;27;39;38;43;45;52;27;33;33;31;31;41;38;42;41;40;0;0;1;0;0
"25 Laakkwartier-Oost";52;58;65;65;83;0;0;0;0;0;14;18;15;20;25;0;0;0;0;0;0;0;1;2;2;376;420;463;556;696;121;105;102;104;113;23;20;25;31;35;25;28;27;29;29;30;33;33;37;35;3;3;2;3;3;8;7;7;5;6;70;80;80;82;84;68;72;69;68;73;0;0;0;0;0;13;18;27;32;31;39;50;56;65;70;32;35;49;49;50;72;69;79;72;75;0;0;0;0;0
"26 Noordpolderbuurt";22;29;27;32;42;0;0;0;0;0;14;18;19;19;22;0;0;0;0;0;1;1;1;2;2;181;193;217;242;328;89;89;106;98;95;16;20;24;30;37;28;24;25;25;31;18;27;27;28;21;1;1;1;2;3;3;2;2;1;2;36;31;41;42;49;24;25;23;26;33;0;1;1;1;1;20;22;25;28;32;41;44;53;56;68;24;20;20;24;30;55;45;46;51;51;0;0;0;0;0
"30 Rustenburg";34;23;30;33;46;0;0;0;0;0;3;5;7;11;10;0;0;0;0;0;0;0;0;0;0;155;162;184;216;279;59;59;60;64;65;8;6;12;8;8;12;12;15;15;17;21;24;23;18;18;3;3;3;3;3;0;0;0;0;1;43;36;34;40;50;33;40;36;29;35;0;0;0;0;0;21;20;19;21;23;27;28;33;32;43;23;24;20;20;16;28;23;25;33;32;0;0;0;0;0
"31 Oostbroek-Noord";52;55;62;47;43;0;0;0;0;0;9;6;7;12;10;0;0;0;0;0;0;0;0;0;0;112;132;136;176;199;67;62;63;65;66;11;14;13;19;15;23;23;25;22;20;14;15;21;19;18;4;3;3;2;1;9;9;9;7;7;38;43;46;51;54;28;25;28;38;34;0;0;0;0;0;17;16;16;13;20;29;33;34;38;44;19;21;23;26;30;23;24;22;24;26;0;0;0;0;0
"32 Transvaalkwartier-Noord";23;25;26;28;39;0;0;0;0;0;4;5;4;6;6;0;0;0;0;0;1;1;2;2;2;70;75;90;90;123;60;58;51;51;56;9;10;15;16;17;26;21;22;23;23;9;12;14;12;9;2;1;1;1;2;5;6;4;4;3;13;16;16;19;19;15;14;18;19;17;0;0;0;0;0;9;10;10;11;10;13;13;17;22;19;8;6;9;11;11;20;17;18;19;18;0;0;0;0;0
"33 Transvaalkwartier-Midden";51;50;42;55;66;0;0;0;0;0;13;15;19;12;14;0;0;0;0;0;1;1;1;1;3;93;107;119;152;191;91;93;95;99;96;12;13;16;18;17;37;33;32;36;34;8;3;6;6;6;3;2;2;2;2;3;4;3;4;3;15;17;18;19;19;30;24;35;36;38;1;1;1;1;1;13;13;12;10;11;27;31;39;43;50;7;9;9;8;11;18;18;15;15;21;0;0;0;0;0
"34 Transvaalkwartier-Zuid";96;109;133;176;236;0;0;0;0;0;12;15;24;20;23;0;0;0;0;0;1;0;2;2;0;166;196;223;270;346;117;119;115;104;109;9;12;23;28;26;33;36;32;35;36;7;7;6;8;10;1;1;1;1;1;2;4;4;6;5;17;22;29;33;32;49;51;56;62;64;2;2;2;1;1;15;16;17;18;19;32;32;38;51;58;2;5;8;9;7;36;36;38;36;33;0;0;0;0;0
"35 Oostbroek-Zuid";115;118;127;132;170;0;0;0;0;0;14;13;17;17;22;0;0;0;0;0;0;0;0;0;1;253;280;311;388;482;101;95;93;92;94;13;15;13;16;21;13;18;18;17;19;21;25;25;20;21;2;2;2;1;1;10;10;8;7;8;56;53;59;65;70;43;47;43;52;58;0;0;0;0;0;24;26;27;32;32;34;41;47;57;62;18;23;26;37;36;35;40;38;36;47;0;0;0;0;0
"36 Zuiderpark";0;0;0;0;0;0;0;0;0;0;0;0;0;0;0;0;0;0;0;0;0;0;0;0;0;1;1;2;2;1;3;3;3;2;2;0;0;0;0;0;6;8;7;8;7;0;0;0;0;0;0;0;0;0;0;0;2;2;2;0;1;3;3;5;5;3;3;3;3;3;1;1;1;1;1;1;1;1;3;4;2;2;2;4;3;6;6;6;6;6;0;0;0;0;0;0;0;0;0;0
"37 Moerwijk-West";41;39;43;45;50;0;0;0;0;0;4;5;6;5;7;0;0;0;0;0;0;1;1;2;5;71;82;84;102;121;74;66;61;61;54;11;13;18;22;22;15;15;18;22;20;6;6;8;8;9;2;2;2;2;1;2;2;1;1;1;18;20;21;25;30;17;13;15;17;23;1;1;1;1;1;8;10;10;13;12;24;21;24;27;31;4;3;5;5;4;25;23;24;23;23;0;0;0;0;0
"38 Moerwijk-Noord";54;56;66;70;81;0;0;0;0;0;4;5;6;4;5;0;0;0;0;0;2;3;4;4;2;145;170;192;236;281;44;44;41;42;43;12;14;12;11;16;16;7;11;9;8;18;20;19;17;15;2;2;2;1;1;2;2;1;1;1;37;37;44;38;41;38;47;43;41;47;0;0;0;0;0;15;19;16;19;21;28;30;33;37;55;13;10;11;15;14;27;30;23;28;27;0;0;0;0;0
"39 Moerwijk-Zuid";22;18;21;25;21;0;0;0;0;0;3;3;3;4;4;0;0;1;1;1;0;1;1;1;2;54;56;52;65;81;22;28;28;29;32;13;15;15;19;20;2;5;2;4;5;9;7;7;7;7;3;3;2;3;2;0;0;0;0;0;31;34;29;32;33;20;24;20;22;22;1;1;1;1;1;14;13;17;19;26;26;29;31;42;47;9;7;6;5;7;11;14;15;12;14;0;0;0;0;0
"40 Nieuw Waldeck";10;11;10;12;16;0;0;0;0;0;10;10;12;14;14;0;0;0;0;0;2;1;1;1;1;85;90;93;104;117;43;48;49;47;40;15;17;16;13;14;5;6;8;10;10;24;19;20;18;22;0;1;0;0;0;4;2;3;2;1;37;37;36;39;40;25;27;28;31;40;0;0;0;0;0;17;15;14;20;19;32;32;33;35;47;17;21;20;25;24;14;17;13;13;17;0;0;0;0;0
"41 Zorgvliet";0;0;0;0;0;0;0;0;0;0;3;4;4;3;2;0;0;0;1;0;0;0;0;0;0;2;2;2;0;0;5;7;7;5;8;0;0;0;0;2;6;7;7;6;6;10;10;9;8;7;3;4;3;2;2;4;4;5;4;4;72;71;76;69;64;16;17;19;18;17;6;6;6;5;5;9;8;9;8;8;12;13;14;14;20;11;10;10;9;11;5;6;4;4;4;21;21;21;21;21
"42 Stadhoudersplantsoen";0;0;0;1;1;0;0;0;0;1;10;9;9;7;7;0;0;0;0;0;0;0;0;0;0;13;10;11;11;8;42;42;43;41;40;1;1;1;2;2;13;12;14;12;14;17;15;14;15;20;4;4;6;5;7;12;12;12;11;11;85;88;89;88;79;10;9;10;10;10;0;0;0;0;0;7;11;14;20;19;31;30;36;44;45;27;23;23;19;23;19;19;19;18;20;0;0;0;0;0
"43 Sweelinckplein eo";1;0;0;0;2;0;0;0;0;0;14;12;9;12;14;0;0;0;0;0;0;0;0;0;0;28;26;24;29;37;86;74;75;75;76;4;3;1;4;3;28;32;34;33;35;42;41;43;47;51;14;11;10;9;7;29;25;21;20;20;248;248;244;257;256;40;38;31;31;31;1;1;1;1;1;48;51;56;64;77;122;123;118;110;111;77;87;91;95;102;38;49;49;49;45;5;5;4;3;3
"44 Koningsplein eo";12;11;6;2;8;0;0;0;0;0;10;7;14;14;12;0;0;0;0;0;0;0;0;0;0;81;64;70;91;101;115;112;115;108;110;9;7;11;11;14;40;42;46;48;50;56;56;55;58;56;3;2;3;3;3;21;23;20;23;19;243;255;277;307;302;33;34;33;33;32;1;1;1;1;1;52;52;57;67;76;100;98;106;115;116;140;140;146;154;153;63;56;61;60;61;0;0;0;0;0
"45 Zeeheldenkwartier";0;0;0;0;0;0;0;0;1;1;43;41;41;39;40;0;0;0;0;0;1;1;1;1;1;81;82;86;103;102;225;224;220;208;209;13;9;12;20;34;105;107;112;111;122;100;99;115;117;115;14;12;11;10;11;36;39;42;40;42;411;437;449;476;519;51;48;43;51;51;2;2;2;2;2;72;80;87;97;103;141;136;144;156;167;207;208;230;230;250;86;80;78;96;90;24;23;19;19;19
"46 Archipelbuurt";1;2;2;2;2;1;1;1;0;0;18;18;21;17;21;0;0;0;0;0;0;0;0;0;0;26;26;24;26;28;105;91;84;78;82;5;3;2;6;5;21;18;20;19;21;54;58;58;58;56;14;12;13;11;10;31;31;31;28;35;359;361;359;379;383;43;41;44;41;36;3;3;3;2;2;45;52;57;61;70;86;87;86;91;96;66;68;67;69;83;49;43;40;41;35;22;22;20;21;21
"47 Willemspark";0;0;0;0;0;2;2;2;2;1;6;7;5;5;5;0;0;0;1;1;0;0;0;0;0;7;7;5;4;6;63;59;61;64;57;1;0;0;1;1;27;28;29;27;26;27;30;26;27;37;20;21;20;19;21;28;32;34;32;32;149;145;144;168;186;22;21;28;33;34;4;3;2;2;2;14;20;21;17;23;33;34;39;37;40;20;19;20;25;22;28;33;31;33;37;10;9;11;10;10
"48 Nassaubuurt";0;0;0;0;0;0;0;0;0;1;3;5;4;5;5;0;0;0;0;0;1;1;1;1;2;5;5;4;3;3;47;45;44;42;44;5;3;3;4;5;7;8;8;8;9;27;30;31;32;34;12;14;13;12;12;14;17;18;16;14;177;175;177;181;180;17;19;21;22;18;5;5;5;4;4;19;19;21;19;20;45;47;48;49;47;17;15;18;19;19;20;21;22;23;19;2;2;1;1;2
"49 Haagse Bos";1;1;1;1;1;0;0;0;0;0;0;1;1;1;1;0;0;0;0;0;0;0;0;0;0;0;0;0;0;3;2;2;1;0;0;1;1;1;1;2;3;3;3;3;3;6;5;6;5;6;1;1;1;2;3;6;6;4;3;3;32;31;33;30;31;8;6;5;5;5;1;2;3;4;4;3;3;3;4;3;1;1;3;4;5;6;6;5;2;3;17;19;20;17;19;0;0;0;0;0
"50 Bloemenbuurt-West";1;1;1;1;1;0;0;0;0;0;3;3;5;4;5;0;0;0;0;0;0;0;0;0;0;14;12;13;11;11;15;15;14;17;16;0;0;1;2;3;1;1;1;3;2;11;12;12;16;17;5;5;7;7;8;4;2;4;4;4;57;65;63;58;65;8;9;10;8;10;0;0;0;0;0;8;7;8;10;20;26;27;25;29;34;11;11;12;13;11;6;5;6;7;8;0;0;0;0;0
"51 Bloemenbuurt-Oost";0;0;0;1;1;0;0;0;0;0;9;10;9;10;11;0;0;0;0;0;0;0;0;0;0;38;42;46;40;41;81;78;77;68;70;2;2;1;2;4;19;19;18;23;22;27;24;33;34;28;4;4;4;6;5;5;5;7;6;5;132;134;140;159;177;20;27;28;24;28;0;0;1;1;0;25;32;32;43;50;59;65;71;66;69;59;61;64;68;65;31;38;41;42;36;0;0;0;0;0
"52 Bomenbuurt";1;2;0;2;2;0;0;0;0;0;11;14;16;17;15;1;1;1;1;1;0;0;0;0;0;58;59;69;59;62;126;128;128;124;116;4;5;5;4;9;31;28;29;33;34;45;43;43;49;46;4;6;8;8;8;13;13;12;11;11;177;181;188;202;209;22;23;22;24;22;0;0;0;1;1;38;39;39;37;40;60;53;60;70;77;61;69;70;81;83;55;53;52;49;58;0;0;0;0;0
"53 Vruchtenbuurt";1;1;1;1;1;1;0;0;0;0;9;8;9;8;11;0;0;0;0;0;0;0;0;0;0;53;56;62;63;68;90;95;94;82;77;5;5;5;5;8;17;17;16;17;20;35;36;35;38;42;8;9;9;9;9;11;13;10;12;15;158;149;150;160;185;29;25;29;27;28;0;0;0;0;0;47;43;41;49;58;74;75;75;86;102;32;37;35;40;41;43;40;40;37;34;0;0;0;0;0
"54 Heesterbuurt";5;4;3;7;11;0;0;0;0;0;13;10;13;17;18;0;0;0;0;0;0;0;0;1;1;126;133;141;151;158;60;57;56;56;47;6;8;14;15;13;22;18;20;20;21;26;29;27;24;32;2;2;0;0;1;2;2;3;2;2;106;109;116;117;120;32;31;25;34;33;0;0;0;0;0;27;30;36;39;41;35;34;43;64;70;56;62;69;75;83;33;34;40;37;38;1;1;0;0;0
"55 Valkenboskwartier";35;32;29;26;42;1;0;0;0;0;31;33;31;33;38;1;1;1;0;0;0;0;0;3;1;216;219;226;248;272;155;156;156;157;151;20;24;28;33;27;73;72;74;79;79;63;67;66;68;67;7;7;6;5;3;18;14;13;14;15;252;246;264;297;317;69;61;56;62;70;9;9;9;9;9;63;68;85;101;116;93;105;120;133;143;158;172;187;190;200;68;72;74;75;77;0;0;0;0;0
"60 Binckhorst";0;0;0;0;0;1;1;1;1;1;31;27;28;27;27;1;1;1;1;1;4;4;5;4;4;21;27;32;36;40;127;113;122;125;131;10;7;10;13;8;16;13;13;14;13;96;99;104;95;115;5;5;4;4;5;5;5;4;6;9;147;151;175;184;219;36;33;38;37;42;0;0;0;0;0;12;13;13;21;30;18;24;28;33;41;36;40;48;50;54;14;10;17;22;22;2;2;2;0;0
"61 Landen";0;2;1;1;2;0;0;0;0;0;3;4;2;3;3;0;0;0;0;0;0;0;1;1;1;26;31;30;39;58;30;28;19;29;26;6;12;8;11;18;5;6;8;7;3;29;24;23;21;24;3;3;2;3;2;2;2;2;2;4;39;36;43;47;49;12;13;10;17;26;0;0;0;0;0;10;12;9;12;13;20;25;26;38;39;20;26;23;24;21;9;11;10;18;19;0;0;0;0;0
"62 Rivierenbuurt-Zuid";0;0;0;0;0;0;0;0;0;0;2;3;3;3;4;0;0;0;0;0;1;1;1;1;1;9;8;11;11;14;23;23;23;21;22;1;1;1;1;1;5;4;5;5;6;6;3;4;6;8;1;2;0;0;0;3;2;2;2;2;13;22;19;23;26;4;4;5;2;3;0;0;0;0;0;5;4;5;6;10;5;7;6;6;6;15;11;11;9;12;15;21;21;26;28;0;0;0;0;0
"63 Rivierenbuurt-Noord";2;2;2;1;1;0;1;2;2;2;9;12;11;13;15;1;1;1;1;0;2;2;2;2;2;50;52;51;56;62;76;81;78;74;62;10;10;12;11;13;29;32;35;38;39;36;32;31;30;29;9;8;7;6;5;20;20;21;21;21;76;86;85;111;102;22;23;27;28;31;5;5;5;8;8;21;24;28;31;26;31;34;37;42;48;45;50;45;52;51;64;46;47;48;47;1;1;2;2;2
"64 Bezuidenhout-West";2;2;2;2;2;0;0;0;0;0;5;6;6;5;6;0;0;1;1;1;0;0;1;1;1;18;23;21;28;37;39;38;41;49;58;8;8;9;12;15;18;18;20;23;25;29;25;30;36;36;7;7;6;7;8;6;7;4;7;9;78;88;94;98;111;19;20;19;23;26;8;7;8;9;10;18;19;23;24;23;16;19;18;20;24;22;23;30;32;28;21;19;19;21;21;0;0;0;0;0
"65 Bezuidenhout-Midden";0;0;0;0;1;1;1;2;2;2;12;14;14;16;16;0;0;0;0;0;1;1;2;2;3;16;16;21;25;32;87;96;97;96;105;2;4;4;8;11;26;28;27;27;26;50;55;69;89;101;12;13;11;16;16;18;15;17;19;20;190;199;215;237;274;25;22;24;27;32;6;6;3;4;4;33;39;39;51;55;59;63;67;71;64;39;44;47;57;56;23;27;31;37;37;3;3;3;3;3
"66 Bezuidenhout-Oost";2;1;1;2;2;1;1;1;1;1;17;14;18;19;13;0;0;0;0;0;0;0;0;0;1;96;96;95;95;102;125;117;120;109;104;10;9;14;16;12;32;33;32;31;32;70;81;73;76;82;6;7;6;6;6;16;18;15;14;11;236;251;242;258;284;41;32;34;31;34;8;8;8;7;7;49;54;54;70;79;92;90;89;91;93;95;97;95;106;103;59;55;52;53;49;1;1;1;1;1
"67 Kampen";0;1;1;0;0;0;0;0;0;0;1;2;3;6;5;0;0;0;0;0;0;0;0;0;0;13;14;16;19;17;22;22;23;21;20;1;1;1;3;3;8;6;6;6;5;9;11;8;7;10;1;1;0;0;0;7;6;6;5;5;36;32;29;33;33;5;3;3;3;5;2;2;2;2;2;15;12;15;18;22;15;15;15;15;15;12;13;14;17;15;13;11;12;14;13;0;0;0;0;0
"68 Marlot";0;0;0;0;0;0;0;0;0;0;1;1;1;2;2;0;0;0;0;0;0;0;0;0;0;1;2;2;2;2;5;4;5;5;6;0;1;0;0;0;2;3;4;2;2;4;4;5;6;9;2;3;3;4;3;3;3;4;4;3;43;42;42;43;44;4;5;3;6;6;0;0;0;1;1;6;7;6;5;6;17;16;15;15;15;8;8;7;9;6;0;1;1;1;1;0;0;0;0;0
"69 Burgen en Horsten";1;2;2;2;1;1;1;1;1;1;3;5;4;5;5;1;1;0;0;0;0;0;0;0;0;36;42;44;46;51;58;58;58;60;63;13;12;18;17;18;12;11;10;10;13;25;25;29;36;35;1;2;2;2;2;2;2;3;3;2;72;78;81;80;81;16;14;14;17;21;2;2;2;2;2;21;23;25;24;31;52;56;62;62;72;25;22;27;30;36;27;28;27;26;31;0;0;0;0;0
"70 Oostduinen";0;0;0;0;0;0;0;0;0;0;0;0;0;0;0;0;0;0;0;0;1;1;1;1;1;0;0;0;0;0;0;0;0;0;0;0;0;0;0;0;5;5;6;6;7;0;0;0;0;0;0;0;0;0;0;0;0;0;0;0;1;1;1;1;1;0;0;0;0;0;0;0;0;0;0;0;0;0;0;0;0;0;0;0;0;0;0;0;0;0;0;0;0;0;0;1;1;1;1;1
"71 Belgisch Park";2;2;2;1;1;0;0;1;1;0;15;12;13;12;14;0;0;0;0;0;0;0;0;0;0;32;32;39;40;50;133;136;132;126;124;8;11;11;11;9;96;94;97;93;97;48;52;52;60;60;9;9;9;8;9;31;28;30;30;28;247;258;276;262;274;45;45;39;38;40;1;1;1;1;1;32;42;47;56;65;90;89;94;98;100;53;49;53;54;55;39;36;39;43;48;2;2;2;2;2
"72 Rijslag";0;0;0;0;0;0;0;0;0;0;5;1;3;3;2;0;0;0;0;0;0;0;0;0;0;12;13;18;17;20;15;12;14;14;18;1;0;0;1;1;11;8;8;8;8;8;10;10;11;11;8;8;7;4;3;5;6;6;6;6;48;54;55;55;57;5;4;4;6;5;0;0;0;0;0;13;16;18;17;16;17;17;16;16;17;14;14;17;18;18;8;6;6;8;10;1;1;1;1;1
"73 Westbroekpark";0;0;0;0;0;0;0;0;0;0;1;0;0;0;0;0;0;0;0;0;0;0;0;0;0;4;3;3;3;4;5;4;3;2;3;0;0;0;1;1;4;3;3;4;5;7;7;6;4;4;1;1;2;3;1;3;3;3;3;3;48;51;54;51;51;7;6;5;4;6;0;0;0;0;0;2;3;2;2;3;14;11;15;13;12;6;6;6;5;5;2;2;2;2;4;6;6;6;6;6
"74 Duttendel";2;2;2;2;2;0;0;0;0;0;1;1;1;2;3;0;0;0;0;0;0;0;0;0;0;3;3;2;3;2;8;7;6;7;11;0;0;1;1;0;4;4;4;4;9;2;2;2;4;4;3;4;5;4;4;4;4;5;5;4;52;50;52;56;54;10;14;12;14;15;3;3;3;1;1;5;4;4;4;6;18;18;18;19;20;5;7;6;10;9;2;2;3;4;4;1;1;1;2;2
"75 Uilennest";1;1;1;1;1;0;0;0;0;0;2;2;3;2;2;0;0;0;0;0;0;0;0;0;0;7;7;8;7;7;22;24;21;22;22;0;0;0;1;3;3;2;2;3;5;13;13;14;12;12;3;3;3;3;3;4;4;5;7;7;83;88;97;113;109;8;7;7;8;7;0;0;0;0;0;9;7;7;7;9;26;25;30;29;28;12;13;11;12;15;9;9;7;7;9;0;0;0;0;0
"76 Duinzigt";1;1;2;2;1;1;1;0;0;0;3;4;3;3;3;0;0;0;0;0;0;0;0;0;0;0;0;0;1;3;19;21;23;23;24;2;2;3;2;2;5;5;4;5;7;7;6;10;12;13;2;2;2;1;0;6;7;7;7;6;67;72;71;78;80;12;11;11;8;9;0;0;0;0;0;12;13;14;14;16;30;29;26;29;31;15;13;11;13;12;9;9;8;7;6;1;1;1;1;1
"77 Waalsdorp";0;1;1;1;1;0;1;1;0;0;2;1;1;2;2;0;0;1;0;0;0;0;0;0;0;5;4;6;5;4;28;26;26;26;25;0;0;0;1;2;10;10;9;9;9;29;27;25;28;33;10;10;9;7;7;18;21;18;16;19;151;162;165;171;186;15;13;12;14;16;0;0;0;0;0;21;28;26;27;32;67;67;66;67;69;25;26;26;25;26;17;18;17;17;16;1;1;1;1;1
"78 Arendsdorp";0;0;0;0;0;1;1;1;1;1;0;0;1;2;2;0;0;0;0;1;0;0;0;0;0;4;4;4;4;4;12;13;10;13;12;0;0;0;0;0;2;4;2;1;4;4;5;7;8;10;5;6;6;4;4;3;2;2;4;4;79;80;85;75;77;3;1;4;6;4;0;0;0;0;0;7;6;9;11;13;19;18;20;19;19;6;8;6;6;4;15;13;11;9;9;3;3;3;2;1
"79 v Hoytemastraat eo";0;0;0;0;0;0;0;0;0;0;1;1;1;1;3;0;0;0;0;0;0;0;0;0;0;8;7;5;4;5;59;60;63;59;59;0;2;2;2;1;6;7;8;7;6;11;16;15;18;19;4;4;3;3;3;11;10;10;6;7;83;93;100;104;108;9;10;8;9;8;0;0;0;0;0;18;21;21;24;23;29;34;36;35;39;15;14;17;13;14;13;15;17;15;14;0;0;0;0;0
"80 Morgenstond-Zuid";78;78;76;74;83;0;0;0;0;0;6;8;8;7;10;0;0;0;0;0;0;0;0;0;1;150;159;161;185;218;42;44;41;46;50;9;10;17;17;21;10;9;9;9;12;11;15;13;18;17;1;1;1;1;2;3;2;2;3;3;26;24;26;27;33;35;32;34;28;35;1;1;1;1;1;11;10;13;18;15;26;22;23;31;42;10;9;10;12;14;12;13;12;16;19;0;0;0;0;0
"81 Bosjes van Pex";0;0;0;0;0;0;0;0;0;0;0;0;0;0;0;0;0;0;0;0;0;0;0;0;0;0;2;2;2;2;8;7;9;8;8;0;0;0;1;1;1;3;3;3;3;1;1;1;1;1;0;0;0;1;1;1;1;2;2;2;8;11;11;11;12;4;6;6;6;4;0;0;0;0;0;3;3;2;3;4;9;7;6;7;7;9;9;7;7;7;4;4;3;3;3;0;0;0;0;0
"82 Rosenburg";1;1;2;2;2;0;0;0;0;0;0;1;3;4;7;0;0;0;0;0;0;0;0;0;0;20;17;23;27;29;38;41;40;45;43;1;2;2;3;4;11;10;9;10;11;9;14;15;15;15;5;5;5;5;5;3;3;3;3;3;26;32;37;34;36;13;9;10;13;12;1;1;1;1;1;13;12;14;17;16;27;26;29;31;32;7;7;12;17;19;19;17;19;20;22;0;0;0;0;0
"83 Eykenduynen";2;1;0;1;1;0;0;0;0;0;3;3;3;3;3;0;0;0;0;0;0;0;0;0;0;20;20;19;21;23;33;30;28;26;28;2;3;3;4;6;7;8;10;12;15;17;18;20;20;21;1;1;1;1;1;1;2;2;3;2;47;50;63;61;57;9;8;4;9;11;0;0;0;0;0;9;8;9;10;13;21;19;22;23;25;20;16;17;17;18;19;20;19;18;20;0;0;0;0;0
"84 Leyenburg";24;32;30;34;50;0;0;0;0;0;14;14;16;20;19;0;0;0;0;0;0;0;0;0;0;233;257;281;326;370;113;119;121;126;124;19;17;18;23;26;24;23;23;24;26;41;41;35;49;57;8;8;8;9;9;11;13;11;10;11;108;100;113;113;117;72;64;65;62;67;1;1;1;1;1;32;31;38;45;60;93;99;105;112;143;28;30;32;34;44;55;58;72;73;76;0;0;0;0;0
"85 Kerketuinen/Zichtenburg";2;1;1;0;0;0;0;0;0;0;31;34;34;37;37;0;0;0;0;0;4;4;4;4;4;31;25;29;34;42;105;108;108;104;109;14;12;12;14;14;3;2;3;4;3;9;9;9;16;15;3;5;3;4;4;8;10;9;8;10;44;40;43;47;46;42;39;40;37;44;3;3;3;3;3;6;5;6;8;7;16;13;14;24;24;9;8;7;9;10;8;7;4;5;5;2;2;2;2;2
"86 Houtwijk";13;14;17;17;18;0;0;0;0;0;26;27;30;25;26;0;0;1;1;1;0;1;2;2;3;146;157;160;185;196;146;146;145;137;138;27;27;25;20;24;15;19;17;17;20;36;45;46;47;51;9;8;7;6;4;10;10;9;10;9;105;98;99;112;115;68;66;70;70;86;0;0;0;0;0;42;37;47;57;66;63;72;66;81;88;39;37;44;45;43;37;36;39;44;44;0;0;0;0;0
"87 Venen/Oorden/Raden";76;77;77;84;101;0;0;0;0;0;13;15;14;13;12;0;0;0;0;0;1;1;2;3;4;89;110;121;134;184;53;43;46;52;53;19;21;32;32;31;9;8;11;8;12;21;20;25;22;31;1;1;1;1;1;2;2;3;4;5;37;29;35;37;44;39;34;32;39;45;1;1;1;1;1;12;10;12;21;26;33;35;39;46;66;19;16;16;16;17;15;17;22;32;33;0;0;0;0;0
"88 Morgenstond-West";23;33;34;46;52;0;0;0;0;0;7;9;14;15;16;0;0;0;0;0;1;1;0;0;1;84;86;95;115;141;84;91;91;96;95;7;12;15;17;23;17;15;19;19;23;21;23;23;27;30;4;5;4;3;2;3;4;6;4;4;60;65;63;64;70;27;28;29;33;36;2;2;2;2;2;17;21;25;30;28;40;42;50;65;86;10;12;12;9;10;14;14;22;23;23;0;0;0;0;0
"89 Morgenstond-Oost";28;27;29;26;34;0;0;0;0;0;10;10;9;9;8;0;0;0;0;0;1;4;4;2;2;76;66;81;111;130;95;76;80;79;87;7;10;12;17;17;18;17;17;16;18;17;15;14;17;15;2;3;4;5;4;1;1;0;0;0;20;24;34;31;43;29;25;22;22;29;6;6;6;6;6;14;18;19;22;24;20;26;22;31;41;8;10;12;9;8;21;23;23;22;22;0;0;0;0;0
"90 Ockenburgh";1;1;1;1;1;0;0;0;0;0;1;1;1;0;0;0;0;0;0;0;0;0;0;0;0;3;3;5;5;4;7;7;8;9;7;0;0;1;1;2;6;5;6;10;11;0;0;1;1;0;0;0;0;0;1;1;1;1;1;1;20;22;19;20;23;5;5;5;6;6;0;0;0;0;0;3;6;6;3;5;11;11;11;26;28;9;8;7;4;5;5;5;5;5;6;0;0;0;0;0
"91 Kijkduin";0;0;0;0;0;0;0;0;0;0;1;1;1;1;1;0;0;0;0;0;1;1;1;1;1;1;1;4;4;3;30;26;24;21;14;1;3;3;1;0;30;28;27;26;22;3;3;3;7;5;2;3;3;3;3;4;5;5;5;5;39;43;44;47;54;5;7;10;12;7;0;0;0;0;0;5;7;8;7;10;13;14;13;12;14;5;6;10;10;10;6;7;5;5;5;0;0;0;0;0
"92 Bohemen/Meer en Bos";0;0;0;1;1;0;0;0;0;0;6;4;6;7;8;0;0;0;0;0;0;0;0;0;0;22;26;24;24;26;33;28;27;29;29;1;1;1;3;3;12;11;11;12;10;26;26;25;25;27;4;4;3;5;6;8;6;7;7;5;106;101;99;113;113;23;22;21;25;23;0;0;0;0;0;17;19;23;23;30;37;38;39;38;41;21;20;26;25;31;21;18;20;16;19;0;0;0;0;0
"93 Componistenbuurt";0;0;0;0;0;0;0;0;0;0;4;4;4;4;3;0;0;0;0;0;0;0;0;0;0;9;11;8;6;5;15;9;12;11;12;1;1;1;2;2;1;0;2;2;2;8;7;6;6;7;0;0;0;0;0;2;3;3;3;2;38;36;34;37;38;8;11;12;14;11;0;0;0;0;0;1;4;6;7;9;11;11;15;18;18;8;12;11;12;12;6;6;6;7;7;0;0;0;0;0
"94 Waldeck-Noord";1;2;3;3;1;0;0;0;0;0;1;1;1;3;2;0;0;0;0;0;0;0;0;1;0;18;14;11;9;9;32;32;34;35;33;2;2;1;1;1;3;6;7;6;7;10;10;6;9;7;4;4;4;3;2;1;1;2;3;3;28;32;31;36;35;1;1;1;3;6;0;0;0;0;0;6;7;7;8;9;17;17;17;22;23;8;7;10;11;12;17;17;15;14;17;0;0;0;0;0
"95 Kom Loosduinen";1;3;3;3;3;0;0;0;0;0;9;8;6;4;7;0;0;0;0;0;1;1;1;0;1;44;46;51;60;71;71;69;72;73;68;11;13;13;11;9;8;10;10;11;11;16;18;18;16;17;7;4;4;4;4;3;3;3;4;4;34;31;38;34;34;18;16;21;23;23;8;8;8;8;8;14;13;14;15;15;30;27;29;32;39;13;11;15;15;15;27;30;29;29;33;0;0;0;0;0
"96 Zijden/Steden/Zichten";86;87;86;91;95;0;0;0;0;0;11;11;14;14;14;0;0;0;0;0;0;0;2;2;2;107;118;143;162;194;60;56;53;52;50;21;21;29;29;34;4;6;5;5;4;10;10;10;11;15;0;0;0;0;0;1;2;1;1;2;28;36;33;38;38;34;38;41;45;47;1;1;1;1;1;19;18;20;22;24;40;47;46;48;58;14;16;18;14;14;27;24;25;25;23;0;0;0;0;0
"97 Kraayenstein & Vroondaal";6;4;3;4;5;0;0;1;1;1;16;17;14;15;16;0;0;0;0;0;0;0;0;0;1;50;55;46;59;59;41;45;47;59;52;5;3;3;5;4;13;15;15;16;19;14;17;24;27;31;2;2;2;3;2;4;4;5;5;6;93;103;110;120;126;36;37;35;33;29;1;1;1;1;1;17;17;18;25;30;33;41;42;49;58;23;23;22;22;25;21;23;21;19;22;0;0;0;0;0
"98 Dreven en Gaarden";68;66;66;66;82;0;0;0;0;0;15;14;16;16;13;0;0;0;0;0;0;1;1;0;1;122;143;155;187;225;71;73;64;64;76;16;17;22;26;31;17;15;13;14;16;15;19;22;20;18;2;2;1;2;2;1;1;2;1;1;49;57;51;55;48;38;36;41;51;51;0;0;0;0;0;24;32;32;40;40;47;46;52;68;96;13;9;10;8;11;37;27;29;27;36;0;0;0;0;0
"99 De Uithof";3;3;5;4;3;0;0;0;0;0;0;0;0;0;1;0;0;0;0;0;0;0;0;0;0;6;7;10;11;12;6;11;10;9;12;1;1;2;2;2;2;2;3;4;3;5;7;8;7;8;1;1;1;1;1;2;1;3;2;2;8;12;19;21;26;5;4;4;4;4;0;0;0;0;0;0;0;3;3;3;5;6;8;9;11;8;8;10;8;8;2;2;2;4;7;0;0;0;0;0
"100 Duindorp";1;1;2;4;5;0;0;0;0;0;9;9;9;11;10;0;0;0;0;0;0;0;0;0;0;51;53;59;70;76;24;29;28;27;28;6;6;5;6;7;8;10;11;9;8;17;21;19;26;25;1;1;1;1;0;3;2;1;0;0;39;42;46;44;52;26;29;31;33;40;0;0;0;0;0;15;20;24;29;24;25;29;30;36;34;18;19;19;19;22;17;16;17;22;23;0;0;0;0;0
"101 Erasmus Veld";5;6;8;7;8;0;0;0;0;0;1;2;3;4;4;0;0;0;0;0;0;0;0;0;0;24;22;21;23;28;17;22;18;21;17;4;4;4;4;4;2;2;3;5;6;8;9;10;8;10;2;1;2;2;3;2;1;1;1;2;25;28;32;33;35;8;11;9;4;9;0;0;0;0;0;7;6;6;5;6;19;21;22;19;25;5;6;7;6;7;9;7;12;9;10;0;0;0;0;0
"102 Hoge Veld";20;17;12;14;15;0;0;0;1;1;4;2;6;5;9;0;0;0;0;0;0;1;1;1;0;83;87;103;111;137;74;72;79;81;76;14;16;22;26;27;10;15;13;11;14;43;47;50;55;63;2;3;3;2;3;2;2;4;5;6;87;96;99;100;106;36;38;39;47;51;0;0;0;0;0;23;29;32;35;47;45;52;58;73;98;17;18;20;22;28;31;40;48;49;58;0;0;0;0;0
"103 Parkbuurt Oosteinde";2;2;2;2;2;0;0;0;0;0;4;2;2;3;4;0;0;0;0;0;0;0;0;0;0;18;15;17;20;24;29;29;25;20;25;3;4;4;3;3;2;2;2;3;1;22;22;22;26;29;4;5;4;4;4;6;5;3;1;1;74;76;78;81;85;17;20;22;20;21;0;0;0;0;0;13;8;11;16;17;24;21;23;22;23;7;8;8;10;14;11;12;13;15;14;0;0;0;0;0
"104 Lage Veld";7;5;6;9;9;0;0;0;0;0;5;5;7;6;8;0;0;0;0;0;0;0;0;0;1;48;46;46;48;60;19;26;27;30;36;11;11;14;14;15;1;1;2;1;2;19;24;25;25;26;1;1;2;1;1;2;3;2;2;2;41;44;50;50;63;18;16;19;22;23;0;0;0;0;0;9;10;10;9;13;16;19;22;22;27;5;6;10;11;9;8;9;11;15;14;0;0;0;0;0
"105 Zonne Veld";3;3;3;4;5;0;0;0;0;0;3;2;2;5;4;0;0;0;0;0;1;1;1;1;1;29;32;33;32;41;30;36;34;36;37;9;9;11;13;11;5;5;7;8;9;16;16;18;19;21;3;4;3;3;2;2;2;3;3;2;50;47;46;42;42;12;11;13;16;15;0;0;0;0;0;11;11;13;16;14;23;27;29;31;43;11;13;11;7;9;17;15;15;16;20;0;0;0;0;0
"106 Vlietzoom-West";1;1;1;1;1;0;0;0;0;0;9;12;12;15;14;0;1;1;1;1;5;5;5;5;5;41;45;43;53;49;67;69;56;61;61;7;7;9;8;6;3;5;5;7;5;12;12;9;7;7;2;2;1;2;4;3;2;5;4;5;37;31;35;29;36;18;16;22;22;16;0;0;0;0;0;2;2;2;4;4;5;5;5;3;5;9;6;6;9;8;3;4;3;6;5;0;0;0;0;0
"107 Vliegeniersbuurt";0;0;0;0;0;0;0;0;0;0;10;10;10;9;11;1;1;1;0;0;0;0;0;0;0;14;16;18;18;19;47;47;50;53;56;5;4;3;3;4;4;5;4;5;6;8;11;11;12;12;0;1;2;1;2;2;2;6;4;3;27;28;31;33;34;10;9;9;10;11;2;2;2;2;2;1;1;2;2;3;3;3;4;4;6;3;4;4;6;5;2;3;3;3;5;0;0;0;0;0
"108 Bosweide";0;0;0;0;0;0;0;0;0;1;0;0;0;0;0;0;0;0;0;0;0;0;0;0;0;5;5;5;4;4;19;18;18;16;16;0;0;2;1;0;1;1;1;1;1;13;12;11;11;12;4;4;3;3;4;3;2;2;3;3;87;91;86;81;83;7;6;5;5;4;0;0;0;0;0;4;3;2;3;7;14;16;17;14;14;6;6;6;10;9;8;7;6;7;5;0;0;0;0;0
"109 Tedingerbroek";0;0;0;0;0;0;0;0;0;0;0;0;0;0;0;0;0;0;0;0;0;0;0;0;0;0;0;0;0;0;0;0;0;0;0;0;0;0;0;0;1;1;0;0;0;0;0;0;0;0;0;0;0;0;0;0;0;0;0;0;1;1;1;1;1;0;0;0;0;0;0;0;0;0;0;0;0;0;0;0;0;0;0;0;0;0;0;0;0;0;0;0;0;0;0;0;0;0;0;0
"110 De Reef";0;0;0;0;0;0;0;0;0;0;0;1;1;1;1;0;0;0;0;0;0;0;0;0;0;0;0;0;0;0;0;0;0;0;1;0;0;0;0;0;1;1;0;0;0;2;3;3;4;3;0;0;0;0;0;0;0;0;0;0;3;3;5;5;3;1;1;1;1;1;0;0;0;0;0;0;0;0;0;0;2;2;2;2;2;1;1;0;0;0;3;2;2;2;1;0;0;0;0;0
"111 De Venen";1;1;2;2;1;0;0;0;0;0;1;1;1;0;1;0;0;0;0;0;0;0;0;0;2;18;23;24;23;31;18;23;25;28;28;6;3;6;9;10;3;3;4;3;3;16;18;20;19;18;0;0;0;0;0;0;1;1;1;1;23;19;21;27;26;7;10;11;12;16;5;5;6;7;7;6;6;12;13;13;22;24;26;31;32;5;3;2;3;5;4;6;7;8;6;0;0;0;0;0
"112 Morgenweide";9;8;9;7;5;0;0;0;0;1;3;4;6;8;10;0;0;0;0;0;0;0;1;0;2;63;66;72;75;83;92;89;85;81;83;9;11;10;17;17;12;12;11;10;16;54;48;52;49;45;3;7;9;9;11;2;2;3;8;8;133;117;122;112;116;29;33;31;32;32;0;0;0;0;0;34;33;34;34;38;43;46;46;51;63;14;17;16;23;18;23;23;27;29;28;0;0;0;0;0
"113 Singels";4;4;3;2;2;0;0;0;0;0;3;2;3;3;6;0;0;0;0;0;1;1;1;1;1;42;45;49;48;49;40;44;51;45;51;6;5;7;7;9;6;7;6;7;7;29;29;34;33;35;8;7;8;8;7;2;2;2;2;3;70;73;74;81;86;22;20;21;25;31;0;0;0;0;0;18;18;24;26;23;31;33;39;41;47;15;16;15;14;15;13;11;13;15;13;0;0;0;0;0
"114 Waterbuurt";2;2;2;2;2;0;0;0;0;0;11;10;14;14;15;0;0;0;0;1;1;1;1;1;1;52;56;57;64;74;51;57;57;63;60;3;4;7;8;8;8;6;3;6;8;30;30;31;36;31;5;5;4;3;3;3;2;3;3;1;62;67;72;69;72;30;32;30;27;29;1;1;1;1;1;18;16;16;18;21;20;22;24;29;30;17;12;12;13;14;15;17;16;15;18;0;0;0;0;0
"115 De Bras";4;4;4;4;4;0;0;0;0;0;8;7;9;10;12;0;0;0;0;0;0;0;0;0;1;38;37;39;47;43;52;49;49;49;48;8;8;10;8;10;3;2;2;2;3;34;35;32;32;39;2;2;2;3;5;3;3;3;4;4;121;130;132;143;145;25;21;21;24;23;0;0;0;0;0;23;27;25;25;29;33;35;41;47;49;21;21;23;22;24;19;18;16;17;17;0;0;0;0;0
"116 Vlietzoom-Oost";1;1;1;1;1;0;0;0;0;0;2;2;4;5;5;0;0;0;0;0;0;0;0;0;0;5;5;4;4;4;10;10;10;10;11;3;3;3;3;3;4;3;3;3;4;2;2;2;2;2;0;0;0;0;0;1;1;1;0;0;3;2;3;3;4;6;7;6;6;6;0;0;0;0;0;2;2;2;2;2;2;2;2;3;3;3;3;3;3;3;2;2;2;2;2;0;0;0;0;0
"117 De Rivieren";2;0;0;0;0;0;0;0;0;0;17;16;13;14;13;0;1;2;2;3;0;0;0;0;0;26;25;25;26;41;140;143;142;137;141;14;15;18;18;17;7;5;5;6;9;22;25;29;30;31;6;5;3;4;4;7;7;9;6;7;35;45;46;48;50;30;29;28;38;37;3;3;3;4;3;1;1;1;2;4;3;3;3;4;4;9;9;7;8;7;12;14;14;14;15;0;0;0;0;0
"118 De Lanen";4;5;5;4;4;0;0;0;0;0;5;6;5;6;5;0;0;0;0;0;0;0;0;0;0;58;59;61;58;59;45;44;44;38;38;4;6;8;9;7;7;6;6;4;2;26;21;24;23;27;2;1;2;3;3;1;0;0;0;1;61;67;69;67;80;20;18;19;18;23;0;0;0;0;0;27;34;32;31;33;24;25;25;35;40;15;15;13;14;11;9;11;10;10;16;0;0;0;0;0
"119 De Velden";3;3;3;3;3;0;0;0;0;0;2;2;2;2;3;0;0;0;0;0;0;0;0;1;1;20;18;20;21;23;44;48;46;45;43;13;15;15;15;15;7;7;7;8;9;19;21;21;18;15;3;0;0;1;1;2;4;4;3;2;58;64;69;79;75;19;17;11;14;14;1;1;1;1;1;15;20;23;20;23;18;22;25;27;27;11;9;13;14;19;13;13;15;18;16;0;0;0;0;0
"120 De Vissen";2;2;2;2;1;0;0;1;0;0;7;6;8;6;6;0;0;0;0;0;0;0;0;1;1;42;47;43;48;49;56;60;58;60;66;13;15;16;18;16;5;5;6;10;12;64;59;62;70;72;5;5;6;6;4;8;9;5;3;4;140;141;141;139;147;21;22;29;28;26;0;0;0;0;0;32;34;35;39;49;57;59;63;68;71;14;17;18;17;20;17;16;19;20;23;0;0;0;0;0
"121 Rietbuurt";1;1;0;0;0;0;0;0;0;0;6;5;6;7;7;0;0;0;0;0;0;0;0;0;0;12;14;16;17;16;17;18;20;23;32;6;7;6;8;9;3;2;3;4;3;13;14;19;20;23;1;3;2;1;2;2;3;3;2;2;39;36;31;34;38;12;11;7;6;7;0;0;0;0;0;5;7;8;6;9;9;11;8;8;10;3;4;5;6;7;6;8;8;11;9;0;0;0;0;0
"Onbekend";0;0;0;0;0;0;0;0;0;0;0;0;0;0;0;0;0;0;0;0;0;0;0;0;0;0;0;0;0;0;0;0;0;0;0;0;0;0;0;0;0;0;0;0;0;0;0;0;0;0;0;0;0;0;0;0;0;0;0;0;0;0;0;0;0;0;0;0;0;0;0;0;0;0;0;0;0;0;0;0;0;0;0;0;0;0;0;0;0;0;0;0;0;0;0;0;0;0;0;0
